4500
0.0300 0.0300 0.0300 0.0 0.0 1.0 0.027000 false
0.0300 0.0300 0.0600 0.0 0.0 1.0 0.027000 false
0.0300 0.0300 0.0900 0.0 0.0 1.0 0.027000 false
0.0300 0.0300 0.1200 0.0 0.0 1.0 0.027000 false
0.0300 0.0300 0.1500 0.0 0.0 1.0 0.027000 false
0.0300 0.0300 0.1800 0.0 0.0 1.0 0.027000 false
0.0300 0.0300 0.2100 0.0 0.0 1.0 0.027000 false
0.0300 0.0300 0.2400 0.0 0.0 1.0 0.027000 false
0.0300 0.0300 0.2700 0.0 0.0 1.0 0.027000 false
0.0300 0.0300 0.3000 0.0 0.0 1.0 0.027000 false
0.0300 0.0300 0.3300 0.0 0.0 1.0 0.027000 false
0.0300 0.0300 0.3600 0.0 0.0 1.0 0.027000 false
0.0300 0.0300 0.3900 0.0 0.0 1.0 0.027000 false
0.0300 0.0300 0.4200 0.0 0.0 1.0 0.027000 false
0.0300 0.0300 0.4500 0.0 0.0 1.0 0.027000 false
0.0300 0.0600 0.0300 0.0 0.0 1.0 0.027000 false
0.0300 0.0600 0.0600 0.0 0.0 1.0 0.027000 false
0.0300 0.0600 0.0900 0.0 0.0 1.0 0.027000 false
0.0300 0.0600 0.1200 0.0 0.0 1.0 0.027000 false
0.0300 0.0600 0.1500 0.0 0.0 1.0 0.027000 false
0.0300 0.0600 0.1800 0.0 0.0 1.0 0.027000 false
0.0300 0.0600 0.2100 0.0 0.0 1.0 0.027000 false
0.0300 0.0600 0.2400 0.0 0.0 1.0 0.027000 false
0.0300 0.0600 0.2700 0.0 0.0 1.0 0.027000 false
0.0300 0.0600 0.3000 0.0 0.0 1.0 0.027000 false
0.0300 0.0600 0.3300 0.0 0.0 1.0 0.027000 false
0.0300 0.0600 0.3600 0.0 0.0 1.0 0.027000 false
0.0300 0.0600 0.3900 0.0 0.0 1.0 0.027000 false
0.0300 0.0600 0.4200 0.0 0.0 1.0 0.027000 false
0.0300 0.0600 0.4500 0.0 0.0 1.0 0.027000 false
0.0300 0.0900 0.0300 0.0 0.0 1.0 0.027000 false
0.0300 0.0900 0.0600 0.0 0.0 1.0 0.027000 false
0.0300 0.0900 0.0900 0.0 0.0 1.0 0.027000 false
0.0300 0.0900 0.1200 0.0 0.0 1.0 0.027000 false
0.0300 0.0900 0.1500 0.0 0.0 1.0 0.027000 false
0.0300 0.0900 0.1800 0.0 0.0 1.0 0.027000 false
0.0300 0.0900 0.2100 0.0 0.0 1.0 0.027000 false
0.0300 0.0900 0.2400 0.0 0.0 1.0 0.027000 false
0.0300 0.0900 0.2700 0.0 0.0 1.0 0.027000 false
0.0300 0.0900 0.3000 0.0 0.0 1.0 0.027000 false
0.0300 0.0900 0.3300 0.0 0.0 1.0 0.027000 false
0.0300 0.0900 0.3600 0.0 0.0 1.0 0.027000 false
0.0300 0.0900 0.3900 0.0 0.0 1.0 0.027000 false
0.0300 0.0900 0.4200 0.0 0.0 1.0 0.027000 false
0.0300 0.0900 0.4500 0.0 0.0 1.0 0.027000 false
0.0300 0.1200 0.0300 0.0 0.0 1.0 0.027000 false
0.0300 0.1200 0.0600 0.0 0.0 1.0 0.027000 false
0.0300 0.1200 0.0900 0.0 0.0 1.0 0.027000 false
0.0300 0.1200 0.1200 0.0 0.0 1.0 0.027000 false
0.0300 0.1200 0.1500 0.0 0.0 1.0 0.027000 false
0.0300 0.1200 0.1800 0.0 0.0 1.0 0.027000 false
0.0300 0.1200 0.2100 0.0 0.0 1.0 0.027000 false
0.0300 0.1200 0.2400 0.0 0.0 1.0 0.027000 false
0.0300 0.1200 0.2700 0.0 0.0 1.0 0.027000 false
0.0300 0.1200 0.3000 0.0 0.0 1.0 0.027000 false
0.0300 0.1200 0.3300 0.0 0.0 1.0 0.027000 false
0.0300 0.1200 0.3600 0.0 0.0 1.0 0.027000 false
0.0300 0.1200 0.3900 0.0 0.0 1.0 0.027000 false
0.0300 0.1200 0.4200 0.0 0.0 1.0 0.027000 false
0.0300 0.1200 0.4500 0.0 0.0 1.0 0.027000 false
0.0300 0.1500 0.0300 0.0 0.0 1.0 0.027000 false
0.0300 0.1500 0.0600 0.0 0.0 1.0 0.027000 false
0.0300 0.1500 0.0900 0.0 0.0 1.0 0.027000 false
0.0300 0.1500 0.1200 0.0 0.0 1.0 0.027000 false
0.0300 0.1500 0.1500 0.0 0.0 1.0 0.027000 false
0.0300 0.1500 0.1800 0.0 0.0 1.0 0.027000 false
0.0300 0.1500 0.2100 0.0 0.0 1.0 0.027000 false
0.0300 0.1500 0.2400 0.0 0.0 1.0 0.027000 false
0.0300 0.1500 0.2700 0.0 0.0 1.0 0.027000 false
0.0300 0.1500 0.3000 0.0 0.0 1.0 0.027000 false
0.0300 0.1500 0.3300 0.0 0.0 1.0 0.027000 false
0.0300 0.1500 0.3600 0.0 0.0 1.0 0.027000 false
0.0300 0.1500 0.3900 0.0 0.0 1.0 0.027000 false
0.0300 0.1500 0.4200 0.0 0.0 1.0 0.027000 false
0.0300 0.1500 0.4500 0.0 0.0 1.0 0.027000 false
0.0300 0.1800 0.0300 0.0 0.0 1.0 0.027000 false
0.0300 0.1800 0.0600 0.0 0.0 1.0 0.027000 false
0.0300 0.1800 0.0900 0.0 0.0 1.0 0.027000 false
0.0300 0.1800 0.1200 0.0 0.0 1.0 0.027000 false
0.0300 0.1800 0.1500 0.0 0.0 1.0 0.027000 false
0.0300 0.1800 0.1800 0.0 0.0 1.0 0.027000 false
0.0300 0.1800 0.2100 0.0 0.0 1.0 0.027000 false
0.0300 0.1800 0.2400 0.0 0.0 1.0 0.027000 false
0.0300 0.1800 0.2700 0.0 0.0 1.0 0.027000 false
0.0300 0.1800 0.3000 0.0 0.0 1.0 0.027000 false
0.0300 0.1800 0.3300 0.0 0.0 1.0 0.027000 false
0.0300 0.1800 0.3600 0.0 0.0 1.0 0.027000 false
0.0300 0.1800 0.3900 0.0 0.0 1.0 0.027000 false
0.0300 0.1800 0.4200 0.0 0.0 1.0 0.027000 false
0.0300 0.1800 0.4500 0.0 0.0 1.0 0.027000 false
0.0300 0.2100 0.0300 0.0 0.0 1.0 0.027000 false
0.0300 0.2100 0.0600 0.0 0.0 1.0 0.027000 false
0.0300 0.2100 0.0900 0.0 0.0 1.0 0.027000 false
0.0300 0.2100 0.1200 0.0 0.0 1.0 0.027000 false
0.0300 0.2100 0.1500 0.0 0.0 1.0 0.027000 false
0.0300 0.2100 0.1800 0.0 0.0 1.0 0.027000 false
0.0300 0.2100 0.2100 0.0 0.0 1.0 0.027000 false
0.0300 0.2100 0.2400 0.0 0.0 1.0 0.027000 false
0.0300 0.2100 0.2700 0.0 0.0 1.0 0.027000 false
0.0300 0.2100 0.3000 0.0 0.0 1.0 0.027000 false
0.0300 0.2100 0.3300 0.0 0.0 1.0 0.027000 false
0.0300 0.2100 0.3600 0.0 0.0 1.0 0.027000 false
0.0300 0.2100 0.3900 0.0 0.0 1.0 0.027000 false
0.0300 0.2100 0.4200 0.0 0.0 1.0 0.027000 false
0.0300 0.2100 0.4500 0.0 0.0 1.0 0.027000 false
0.0300 0.2400 0.0300 0.0 0.0 1.0 0.027000 false
0.0300 0.2400 0.0600 0.0 0.0 1.0 0.027000 false
0.0300 0.2400 0.0900 0.0 0.0 1.0 0.027000 false
0.0300 0.2400 0.1200 0.0 0.0 1.0 0.027000 false
0.0300 0.2400 0.1500 0.0 0.0 1.0 0.027000 false
0.0300 0.2400 0.1800 0.0 0.0 1.0 0.027000 false
0.0300 0.2400 0.2100 0.0 0.0 1.0 0.027000 false
0.0300 0.2400 0.2400 0.0 0.0 1.0 0.027000 false
0.0300 0.2400 0.2700 0.0 0.0 1.0 0.027000 false
0.0300 0.2400 0.3000 0.0 0.0 1.0 0.027000 false
0.0300 0.2400 0.3300 0.0 0.0 1.0 0.027000 false
0.0300 0.2400 0.3600 0.0 0.0 1.0 0.027000 false
0.0300 0.2400 0.3900 0.0 0.0 1.0 0.027000 false
0.0300 0.2400 0.4200 0.0 0.0 1.0 0.027000 false
0.0300 0.2400 0.4500 0.0 0.0 1.0 0.027000 false
0.0300 0.2700 0.0300 0.0 0.0 1.0 0.027000 false
0.0300 0.2700 0.0600 0.0 0.0 1.0 0.027000 false
0.0300 0.2700 0.0900 0.0 0.0 1.0 0.027000 false
0.0300 0.2700 0.1200 0.0 0.0 1.0 0.027000 false
0.0300 0.2700 0.1500 0.0 0.0 1.0 0.027000 false
0.0300 0.2700 0.1800 0.0 0.0 1.0 0.027000 false
0.0300 0.2700 0.2100 0.0 0.0 1.0 0.027000 false
0.0300 0.2700 0.2400 0.0 0.0 1.0 0.027000 false
0.0300 0.2700 0.2700 0.0 0.0 1.0 0.027000 false
0.0300 0.2700 0.3000 0.0 0.0 1.0 0.027000 false
0.0300 0.2700 0.3300 0.0 0.0 1.0 0.027000 false
0.0300 0.2700 0.3600 0.0 0.0 1.0 0.027000 false
0.0300 0.2700 0.3900 0.0 0.0 1.0 0.027000 false
0.0300 0.2700 0.4200 0.0 0.0 1.0 0.027000 false
0.0300 0.2700 0.4500 0.0 0.0 1.0 0.027000 false
0.0300 0.3000 0.0300 0.0 0.0 1.0 0.027000 false
0.0300 0.3000 0.0600 0.0 0.0 1.0 0.027000 false
0.0300 0.3000 0.0900 0.0 0.0 1.0 0.027000 false
0.0300 0.3000 0.1200 0.0 0.0 1.0 0.027000 false
0.0300 0.3000 0.1500 0.0 0.0 1.0 0.027000 false
0.0300 0.3000 0.1800 0.0 0.0 1.0 0.027000 false
0.0300 0.3000 0.2100 0.0 0.0 1.0 0.027000 false
0.0300 0.3000 0.2400 0.0 0.0 1.0 0.027000 false
0.0300 0.3000 0.2700 0.0 0.0 1.0 0.027000 false
0.0300 0.3000 0.3000 0.0 0.0 1.0 0.027000 false
0.0300 0.3000 0.3300 0.0 0.0 1.0 0.027000 false
0.0300 0.3000 0.3600 0.0 0.0 1.0 0.027000 false
0.0300 0.3000 0.3900 0.0 0.0 1.0 0.027000 false
0.0300 0.3000 0.4200 0.0 0.0 1.0 0.027000 false
0.0300 0.3000 0.4500 0.0 0.0 1.0 0.027000 false
0.0300 0.3300 0.0300 0.0 0.0 1.0 0.027000 false
0.0300 0.3300 0.0600 0.0 0.0 1.0 0.027000 false
0.0300 0.3300 0.0900 0.0 0.0 1.0 0.027000 false
0.0300 0.3300 0.1200 0.0 0.0 1.0 0.027000 false
0.0300 0.3300 0.1500 0.0 0.0 1.0 0.027000 false
0.0300 0.3300 0.1800 0.0 0.0 1.0 0.027000 false
0.0300 0.3300 0.2100 0.0 0.0 1.0 0.027000 false
0.0300 0.3300 0.2400 0.0 0.0 1.0 0.027000 false
0.0300 0.3300 0.2700 0.0 0.0 1.0 0.027000 false
0.0300 0.3300 0.3000 0.0 0.0 1.0 0.027000 false
0.0300 0.3300 0.3300 0.0 0.0 1.0 0.027000 false
0.0300 0.3300 0.3600 0.0 0.0 1.0 0.027000 false
0.0300 0.3300 0.3900 0.0 0.0 1.0 0.027000 false
0.0300 0.3300 0.4200 0.0 0.0 1.0 0.027000 false
0.0300 0.3300 0.4500 0.0 0.0 1.0 0.027000 false
0.0300 0.3600 0.0300 0.0 0.0 1.0 0.027000 false
0.0300 0.3600 0.0600 0.0 0.0 1.0 0.027000 false
0.0300 0.3600 0.0900 0.0 0.0 1.0 0.027000 false
0.0300 0.3600 0.1200 0.0 0.0 1.0 0.027000 false
0.0300 0.3600 0.1500 0.0 0.0 1.0 0.027000 false
0.0300 0.3600 0.1800 0.0 0.0 1.0 0.027000 false
0.0300 0.3600 0.2100 0.0 0.0 1.0 0.027000 false
0.0300 0.3600 0.2400 0.0 0.0 1.0 0.027000 false
0.0300 0.3600 0.2700 0.0 0.0 1.0 0.027000 false
0.0300 0.3600 0.3000 0.0 0.0 1.0 0.027000 false
0.0300 0.3600 0.3300 0.0 0.0 1.0 0.027000 false
0.0300 0.3600 0.3600 0.0 0.0 1.0 0.027000 false
0.0300 0.3600 0.3900 0.0 0.0 1.0 0.027000 false
0.0300 0.3600 0.4200 0.0 0.0 1.0 0.027000 false
0.0300 0.3600 0.4500 0.0 0.0 1.0 0.027000 false
0.0300 0.3900 0.0300 0.0 0.0 1.0 0.027000 false
0.0300 0.3900 0.0600 0.0 0.0 1.0 0.027000 false
0.0300 0.3900 0.0900 0.0 0.0 1.0 0.027000 false
0.0300 0.3900 0.1200 0.0 0.0 1.0 0.027000 false
0.0300 0.3900 0.1500 0.0 0.0 1.0 0.027000 false
0.0300 0.3900 0.1800 0.0 0.0 1.0 0.027000 false
0.0300 0.3900 0.2100 0.0 0.0 1.0 0.027000 false
0.0300 0.3900 0.2400 0.0 0.0 1.0 0.027000 false
0.0300 0.3900 0.2700 0.0 0.0 1.0 0.027000 false
0.0300 0.3900 0.3000 0.0 0.0 1.0 0.027000 false
0.0300 0.3900 0.3300 0.0 0.0 1.0 0.027000 false
0.0300 0.3900 0.3600 0.0 0.0 1.0 0.027000 false
0.0300 0.3900 0.3900 0.0 0.0 1.0 0.027000 false
0.0300 0.3900 0.4200 0.0 0.0 1.0 0.027000 false
0.0300 0.3900 0.4500 0.0 0.0 1.0 0.027000 false
0.0300 0.4200 0.0300 0.0 0.0 1.0 0.027000 false
0.0300 0.4200 0.0600 0.0 0.0 1.0 0.027000 false
0.0300 0.4200 0.0900 0.0 0.0 1.0 0.027000 false
0.0300 0.4200 0.1200 0.0 0.0 1.0 0.027000 false
0.0300 0.4200 0.1500 0.0 0.0 1.0 0.027000 false
0.0300 0.4200 0.1800 0.0 0.0 1.0 0.027000 false
0.0300 0.4200 0.2100 0.0 0.0 1.0 0.027000 false
0.0300 0.4200 0.2400 0.0 0.0 1.0 0.027000 false
0.0300 0.4200 0.2700 0.0 0.0 1.0 0.027000 false
0.0300 0.4200 0.3000 0.0 0.0 1.0 0.027000 false
0.0300 0.4200 0.3300 0.0 0.0 1.0 0.027000 false
0.0300 0.4200 0.3600 0.0 0.0 1.0 0.027000 false
0.0300 0.4200 0.3900 0.0 0.0 1.0 0.027000 false
0.0300 0.4200 0.4200 0.0 0.0 1.0 0.027000 false
0.0300 0.4200 0.4500 0.0 0.0 1.0 0.027000 false
0.0300 0.4500 0.0300 0.0 0.0 1.0 0.027000 false
0.0300 0.4500 0.0600 0.0 0.0 1.0 0.027000 false
0.0300 0.4500 0.0900 0.0 0.0 1.0 0.027000 false
0.0300 0.4500 0.1200 0.0 0.0 1.0 0.027000 false
0.0300 0.4500 0.1500 0.0 0.0 1.0 0.027000 false
0.0300 0.4500 0.1800 0.0 0.0 1.0 0.027000 false
0.0300 0.4500 0.2100 0.0 0.0 1.0 0.027000 false
0.0300 0.4500 0.2400 0.0 0.0 1.0 0.027000 false
0.0300 0.4500 0.2700 0.0 0.0 1.0 0.027000 false
0.0300 0.4500 0.3000 0.0 0.0 1.0 0.027000 false
0.0300 0.4500 0.3300 0.0 0.0 1.0 0.027000 false
0.0300 0.4500 0.3600 0.0 0.0 1.0 0.027000 false
0.0300 0.4500 0.3900 0.0 0.0 1.0 0.027000 false
0.0300 0.4500 0.4200 0.0 0.0 1.0 0.027000 false
0.0300 0.4500 0.4500 0.0 0.0 1.0 0.027000 false
0.0600 0.0300 0.0300 0.0 0.0 1.0 0.027000 false
0.0600 0.0300 0.0600 0.0 0.0 1.0 0.027000 false
0.0600 0.0300 0.0900 0.0 0.0 1.0 0.027000 false
0.0600 0.0300 0.1200 0.0 0.0 1.0 0.027000 false
0.0600 0.0300 0.1500 0.0 0.0 1.0 0.027000 false
0.0600 0.0300 0.1800 0.0 0.0 1.0 0.027000 false
0.0600 0.0300 0.2100 0.0 0.0 1.0 0.027000 false
0.0600 0.0300 0.2400 0.0 0.0 1.0 0.027000 false
0.0600 0.0300 0.2700 0.0 0.0 1.0 0.027000 false
0.0600 0.0300 0.3000 0.0 0.0 1.0 0.027000 false
0.0600 0.0300 0.3300 0.0 0.0 1.0 0.027000 false
0.0600 0.0300 0.3600 0.0 0.0 1.0 0.027000 false
0.0600 0.0300 0.3900 0.0 0.0 1.0 0.027000 false
0.0600 0.0300 0.4200 0.0 0.0 1.0 0.027000 false
0.0600 0.0300 0.4500 0.0 0.0 1.0 0.027000 false
0.0600 0.0600 0.0300 0.0 0.0 1.0 0.027000 false
0.0600 0.0600 0.0600 0.0 0.0 1.0 0.027000 false
0.0600 0.0600 0.0900 0.0 0.0 1.0 0.027000 false
0.0600 0.0600 0.1200 0.0 0.0 1.0 0.027000 false
0.0600 0.0600 0.1500 0.0 0.0 1.0 0.027000 false
0.0600 0.0600 0.1800 0.0 0.0 1.0 0.027000 false
0.0600 0.0600 0.2100 0.0 0.0 1.0 0.027000 false
0.0600 0.0600 0.2400 0.0 0.0 1.0 0.027000 false
0.0600 0.0600 0.2700 0.0 0.0 1.0 0.027000 false
0.0600 0.0600 0.3000 0.0 0.0 1.0 0.027000 false
0.0600 0.0600 0.3300 0.0 0.0 1.0 0.027000 false
0.0600 0.0600 0.3600 0.0 0.0 1.0 0.027000 false
0.0600 0.0600 0.3900 0.0 0.0 1.0 0.027000 false
0.0600 0.0600 0.4200 0.0 0.0 1.0 0.027000 false
0.0600 0.0600 0.4500 0.0 0.0 1.0 0.027000 false
0.0600 0.0900 0.0300 0.0 0.0 1.0 0.027000 false
0.0600 0.0900 0.0600 0.0 0.0 1.0 0.027000 false
0.0600 0.0900 0.0900 0.0 0.0 1.0 0.027000 false
0.0600 0.0900 0.1200 0.0 0.0 1.0 0.027000 false
0.0600 0.0900 0.1500 0.0 0.0 1.0 0.027000 false
0.0600 0.0900 0.1800 0.0 0.0 1.0 0.027000 false
0.0600 0.0900 0.2100 0.0 0.0 1.0 0.027000 false
0.0600 0.0900 0.2400 0.0 0.0 1.0 0.027000 false
0.0600 0.0900 0.2700 0.0 0.0 1.0 0.027000 false
0.0600 0.0900 0.3000 0.0 0.0 1.0 0.027000 false
0.0600 0.0900 0.3300 0.0 0.0 1.0 0.027000 false
0.0600 0.0900 0.3600 0.0 0.0 1.0 0.027000 false
0.0600 0.0900 0.3900 0.0 0.0 1.0 0.027000 false
0.0600 0.0900 0.4200 0.0 0.0 1.0 0.027000 false
0.0600 0.0900 0.4500 0.0 0.0 1.0 0.027000 false
0.0600 0.1200 0.0300 0.0 0.0 1.0 0.027000 false
0.0600 0.1200 0.0600 0.0 0.0 1.0 0.027000 false
0.0600 0.1200 0.0900 0.0 0.0 1.0 0.027000 false
0.0600 0.1200 0.1200 0.0 0.0 1.0 0.027000 false
0.0600 0.1200 0.1500 0.0 0.0 1.0 0.027000 false
0.0600 0.1200 0.1800 0.0 0.0 1.0 0.027000 false
0.0600 0.1200 0.2100 0.0 0.0 1.0 0.027000 false
0.0600 0.1200 0.2400 0.0 0.0 1.0 0.027000 false
0.0600 0.1200 0.2700 0.0 0.0 1.0 0.027000 false
0.0600 0.1200 0.3000 0.0 0.0 1.0 0.027000 false
0.0600 0.1200 0.3300 0.0 0.0 1.0 0.027000 false
0.0600 0.1200 0.3600 0.0 0.0 1.0 0.027000 false
0.0600 0.1200 0.3900 0.0 0.0 1.0 0.027000 false
0.0600 0.1200 0.4200 0.0 0.0 1.0 0.027000 false
0.0600 0.1200 0.4500 0.0 0.0 1.0 0.027000 false
0.0600 0.1500 0.0300 0.0 0.0 1.0 0.027000 false
0.0600 0.1500 0.0600 0.0 0.0 1.0 0.027000 false
0.0600 0.1500 0.0900 0.0 0.0 1.0 0.027000 false
0.0600 0.1500 0.1200 0.0 0.0 1.0 0.027000 false
0.0600 0.1500 0.1500 0.0 0.0 1.0 0.027000 false
0.0600 0.1500 0.1800 0.0 0.0 1.0 0.027000 false
0.0600 0.1500 0.2100 0.0 0.0 1.0 0.027000 false
0.0600 0.1500 0.2400 0.0 0.0 1.0 0.027000 false
0.0600 0.1500 0.2700 0.0 0.0 1.0 0.027000 false
0.0600 0.1500 0.3000 0.0 0.0 1.0 0.027000 false
0.0600 0.1500 0.3300 0.0 0.0 1.0 0.027000 false
0.0600 0.1500 0.3600 0.0 0.0 1.0 0.027000 false
0.0600 0.1500 0.3900 0.0 0.0 1.0 0.027000 false
0.0600 0.1500 0.4200 0.0 0.0 1.0 0.027000 false
0.0600 0.1500 0.4500 0.0 0.0 1.0 0.027000 false
0.0600 0.1800 0.0300 0.0 0.0 1.0 0.027000 false
0.0600 0.1800 0.0600 0.0 0.0 1.0 0.027000 false
0.0600 0.1800 0.0900 0.0 0.0 1.0 0.027000 false
0.0600 0.1800 0.1200 0.0 0.0 1.0 0.027000 false
0.0600 0.1800 0.1500 0.0 0.0 1.0 0.027000 false
0.0600 0.1800 0.1800 0.0 0.0 1.0 0.027000 false
0.0600 0.1800 0.2100 0.0 0.0 1.0 0.027000 false
0.0600 0.1800 0.2400 0.0 0.0 1.0 0.027000 false
0.0600 0.1800 0.2700 0.0 0.0 1.0 0.027000 false
0.0600 0.1800 0.3000 0.0 0.0 1.0 0.027000 false
0.0600 0.1800 0.3300 0.0 0.0 1.0 0.027000 false
0.0600 0.1800 0.3600 0.0 0.0 1.0 0.027000 false
0.0600 0.1800 0.3900 0.0 0.0 1.0 0.027000 false
0.0600 0.1800 0.4200 0.0 0.0 1.0 0.027000 false
0.0600 0.1800 0.4500 0.0 0.0 1.0 0.027000 false
0.0600 0.2100 0.0300 0.0 0.0 1.0 0.027000 false
0.0600 0.2100 0.0600 0.0 0.0 1.0 0.027000 false
0.0600 0.2100 0.0900 0.0 0.0 1.0 0.027000 false
0.0600 0.2100 0.1200 0.0 0.0 1.0 0.027000 false
0.0600 0.2100 0.1500 0.0 0.0 1.0 0.027000 false
0.0600 0.2100 0.1800 0.0 0.0 1.0 0.027000 false
0.0600 0.2100 0.2100 0.0 0.0 1.0 0.027000 false
0.0600 0.2100 0.2400 0.0 0.0 1.0 0.027000 false
0.0600 0.2100 0.2700 0.0 0.0 1.0 0.027000 false
0.0600 0.2100 0.3000 0.0 0.0 1.0 0.027000 false
0.0600 0.2100 0.3300 0.0 0.0 1.0 0.027000 false
0.0600 0.2100 0.3600 0.0 0.0 1.0 0.027000 false
0.0600 0.2100 0.3900 0.0 0.0 1.0 0.027000 false
0.0600 0.2100 0.4200 0.0 0.0 1.0 0.027000 false
0.0600 0.2100 0.4500 0.0 0.0 1.0 0.027000 false
0.0600 0.2400 0.0300 0.0 0.0 1.0 0.027000 false
0.0600 0.2400 0.0600 0.0 0.0 1.0 0.027000 false
0.0600 0.2400 0.0900 0.0 0.0 1.0 0.027000 false
0.0600 0.2400 0.1200 0.0 0.0 1.0 0.027000 false
0.0600 0.2400 0.1500 0.0 0.0 1.0 0.027000 false
0.0600 0.2400 0.1800 0.0 0.0 1.0 0.027000 false
0.0600 0.2400 0.2100 0.0 0.0 1.0 0.027000 false
0.0600 0.2400 0.2400 0.0 0.0 1.0 0.027000 false
0.0600 0.2400 0.2700 0.0 0.0 1.0 0.027000 false
0.0600 0.2400 0.3000 0.0 0.0 1.0 0.027000 false
0.0600 0.2400 0.3300 0.0 0.0 1.0 0.027000 false
0.0600 0.2400 0.3600 0.0 0.0 1.0 0.027000 false
0.0600 0.2400 0.3900 0.0 0.0 1.0 0.027000 false
0.0600 0.2400 0.4200 0.0 0.0 1.0 0.027000 false
0.0600 0.2400 0.4500 0.0 0.0 1.0 0.027000 false
0.0600 0.2700 0.0300 0.0 0.0 1.0 0.027000 false
0.0600 0.2700 0.0600 0.0 0.0 1.0 0.027000 false
0.0600 0.2700 0.0900 0.0 0.0 1.0 0.027000 false
0.0600 0.2700 0.1200 0.0 0.0 1.0 0.027000 false
0.0600 0.2700 0.1500 0.0 0.0 1.0 0.027000 false
0.0600 0.2700 0.1800 0.0 0.0 1.0 0.027000 false
0.0600 0.2700 0.2100 0.0 0.0 1.0 0.027000 false
0.0600 0.2700 0.2400 0.0 0.0 1.0 0.027000 false
0.0600 0.2700 0.2700 0.0 0.0 1.0 0.027000 false
0.0600 0.2700 0.3000 0.0 0.0 1.0 0.027000 false
0.0600 0.2700 0.3300 0.0 0.0 1.0 0.027000 false
0.0600 0.2700 0.3600 0.0 0.0 1.0 0.027000 false
0.0600 0.2700 0.3900 0.0 0.0 1.0 0.027000 false
0.0600 0.2700 0.4200 0.0 0.0 1.0 0.027000 false
0.0600 0.2700 0.4500 0.0 0.0 1.0 0.027000 false
0.0600 0.3000 0.0300 0.0 0.0 1.0 0.027000 false
0.0600 0.3000 0.0600 0.0 0.0 1.0 0.027000 false
0.0600 0.3000 0.0900 0.0 0.0 1.0 0.027000 false
0.0600 0.3000 0.1200 0.0 0.0 1.0 0.027000 false
0.0600 0.3000 0.1500 0.0 0.0 1.0 0.027000 false
0.0600 0.3000 0.1800 0.0 0.0 1.0 0.027000 false
0.0600 0.3000 0.2100 0.0 0.0 1.0 0.027000 false
0.0600 0.3000 0.2400 0.0 0.0 1.0 0.027000 false
0.0600 0.3000 0.2700 0.0 0.0 1.0 0.027000 false
0.0600 0.3000 0.3000 0.0 0.0 1.0 0.027000 false
0.0600 0.3000 0.3300 0.0 0.0 1.0 0.027000 false
0.0600 0.3000 0.3600 0.0 0.0 1.0 0.027000 false
0.0600 0.3000 0.3900 0.0 0.0 1.0 0.027000 false
0.0600 0.3000 0.4200 0.0 0.0 1.0 0.027000 false
0.0600 0.3000 0.4500 0.0 0.0 1.0 0.027000 false
0.0600 0.3300 0.0300 0.0 0.0 1.0 0.027000 false
0.0600 0.3300 0.0600 0.0 0.0 1.0 0.027000 false
0.0600 0.3300 0.0900 0.0 0.0 1.0 0.027000 false
0.0600 0.3300 0.1200 0.0 0.0 1.0 0.027000 false
0.0600 0.3300 0.1500 0.0 0.0 1.0 0.027000 false
0.0600 0.3300 0.1800 0.0 0.0 1.0 0.027000 false
0.0600 0.3300 0.2100 0.0 0.0 1.0 0.027000 false
0.0600 0.3300 0.2400 0.0 0.0 1.0 0.027000 false
0.0600 0.3300 0.2700 0.0 0.0 1.0 0.027000 false
0.0600 0.3300 0.3000 0.0 0.0 1.0 0.027000 false
0.0600 0.3300 0.3300 0.0 0.0 1.0 0.027000 false
0.0600 0.3300 0.3600 0.0 0.0 1.0 0.027000 false
0.0600 0.3300 0.3900 0.0 0.0 1.0 0.027000 false
0.0600 0.3300 0.4200 0.0 0.0 1.0 0.027000 false
0.0600 0.3300 0.4500 0.0 0.0 1.0 0.027000 false
0.0600 0.3600 0.0300 0.0 0.0 1.0 0.027000 false
0.0600 0.3600 0.0600 0.0 0.0 1.0 0.027000 false
0.0600 0.3600 0.0900 0.0 0.0 1.0 0.027000 false
0.0600 0.3600 0.1200 0.0 0.0 1.0 0.027000 false
0.0600 0.3600 0.1500 0.0 0.0 1.0 0.027000 false
0.0600 0.3600 0.1800 0.0 0.0 1.0 0.027000 false
0.0600 0.3600 0.2100 0.0 0.0 1.0 0.027000 false
0.0600 0.3600 0.2400 0.0 0.0 1.0 0.027000 false
0.0600 0.3600 0.2700 0.0 0.0 1.0 0.027000 false
0.0600 0.3600 0.3000 0.0 0.0 1.0 0.027000 false
0.0600 0.3600 0.3300 0.0 0.0 1.0 0.027000 false
0.0600 0.3600 0.3600 0.0 0.0 1.0 0.027000 false
0.0600 0.3600 0.3900 0.0 0.0 1.0 0.027000 false
0.0600 0.3600 0.4200 0.0 0.0 1.0 0.027000 false
0.0600 0.3600 0.4500 0.0 0.0 1.0 0.027000 false
0.0600 0.3900 0.0300 0.0 0.0 1.0 0.027000 false
0.0600 0.3900 0.0600 0.0 0.0 1.0 0.027000 false
0.0600 0.3900 0.0900 0.0 0.0 1.0 0.027000 false
0.0600 0.3900 0.1200 0.0 0.0 1.0 0.027000 false
0.0600 0.3900 0.1500 0.0 0.0 1.0 0.027000 false
0.0600 0.3900 0.1800 0.0 0.0 1.0 0.027000 false
0.0600 0.3900 0.2100 0.0 0.0 1.0 0.027000 false
0.0600 0.3900 0.2400 0.0 0.0 1.0 0.027000 false
0.0600 0.3900 0.2700 0.0 0.0 1.0 0.027000 false
0.0600 0.3900 0.3000 0.0 0.0 1.0 0.027000 false
0.0600 0.3900 0.3300 0.0 0.0 1.0 0.027000 false
0.0600 0.3900 0.3600 0.0 0.0 1.0 0.027000 false
0.0600 0.3900 0.3900 0.0 0.0 1.0 0.027000 false
0.0600 0.3900 0.4200 0.0 0.0 1.0 0.027000 false
0.0600 0.3900 0.4500 0.0 0.0 1.0 0.027000 false
0.0600 0.4200 0.0300 0.0 0.0 1.0 0.027000 false
0.0600 0.4200 0.0600 0.0 0.0 1.0 0.027000 false
0.0600 0.4200 0.0900 0.0 0.0 1.0 0.027000 false
0.0600 0.4200 0.1200 0.0 0.0 1.0 0.027000 false
0.0600 0.4200 0.1500 0.0 0.0 1.0 0.027000 false
0.0600 0.4200 0.1800 0.0 0.0 1.0 0.027000 false
0.0600 0.4200 0.2100 0.0 0.0 1.0 0.027000 false
0.0600 0.4200 0.2400 0.0 0.0 1.0 0.027000 false
0.0600 0.4200 0.2700 0.0 0.0 1.0 0.027000 false
0.0600 0.4200 0.3000 0.0 0.0 1.0 0.027000 false
0.0600 0.4200 0.3300 0.0 0.0 1.0 0.027000 false
0.0600 0.4200 0.3600 0.0 0.0 1.0 0.027000 false
0.0600 0.4200 0.3900 0.0 0.0 1.0 0.027000 false
0.0600 0.4200 0.4200 0.0 0.0 1.0 0.027000 false
0.0600 0.4200 0.4500 0.0 0.0 1.0 0.027000 false
0.0600 0.4500 0.0300 0.0 0.0 1.0 0.027000 false
0.0600 0.4500 0.0600 0.0 0.0 1.0 0.027000 false
0.0600 0.4500 0.0900 0.0 0.0 1.0 0.027000 false
0.0600 0.4500 0.1200 0.0 0.0 1.0 0.027000 false
0.0600 0.4500 0.1500 0.0 0.0 1.0 0.027000 false
0.0600 0.4500 0.1800 0.0 0.0 1.0 0.027000 false
0.0600 0.4500 0.2100 0.0 0.0 1.0 0.027000 false
0.0600 0.4500 0.2400 0.0 0.0 1.0 0.027000 false
0.0600 0.4500 0.2700 0.0 0.0 1.0 0.027000 false
0.0600 0.4500 0.3000 0.0 0.0 1.0 0.027000 false
0.0600 0.4500 0.3300 0.0 0.0 1.0 0.027000 false
0.0600 0.4500 0.3600 0.0 0.0 1.0 0.027000 false
0.0600 0.4500 0.3900 0.0 0.0 1.0 0.027000 false
0.0600 0.4500 0.4200 0.0 0.0 1.0 0.027000 false
0.0600 0.4500 0.4500 0.0 0.0 1.0 0.027000 false
0.0900 0.0300 0.0300 0.0 0.0 1.0 0.027000 false
0.0900 0.0300 0.0600 0.0 0.0 1.0 0.027000 false
0.0900 0.0300 0.0900 0.0 0.0 1.0 0.027000 false
0.0900 0.0300 0.1200 0.0 0.0 1.0 0.027000 false
0.0900 0.0300 0.1500 0.0 0.0 1.0 0.027000 false
0.0900 0.0300 0.1800 0.0 0.0 1.0 0.027000 false
0.0900 0.0300 0.2100 0.0 0.0 1.0 0.027000 false
0.0900 0.0300 0.2400 0.0 0.0 1.0 0.027000 false
0.0900 0.0300 0.2700 0.0 0.0 1.0 0.027000 false
0.0900 0.0300 0.3000 0.0 0.0 1.0 0.027000 false
0.0900 0.0300 0.3300 0.0 0.0 1.0 0.027000 false
0.0900 0.0300 0.3600 0.0 0.0 1.0 0.027000 false
0.0900 0.0300 0.3900 0.0 0.0 1.0 0.027000 false
0.0900 0.0300 0.4200 0.0 0.0 1.0 0.027000 false
0.0900 0.0300 0.4500 0.0 0.0 1.0 0.027000 false
0.0900 0.0600 0.0300 0.0 0.0 1.0 0.027000 false
0.0900 0.0600 0.0600 0.0 0.0 1.0 0.027000 false
0.0900 0.0600 0.0900 0.0 0.0 1.0 0.027000 false
0.0900 0.0600 0.1200 0.0 0.0 1.0 0.027000 false
0.0900 0.0600 0.1500 0.0 0.0 1.0 0.027000 false
0.0900 0.0600 0.1800 0.0 0.0 1.0 0.027000 false
0.0900 0.0600 0.2100 0.0 0.0 1.0 0.027000 false
0.0900 0.0600 0.2400 0.0 0.0 1.0 0.027000 false
0.0900 0.0600 0.2700 0.0 0.0 1.0 0.027000 false
0.0900 0.0600 0.3000 0.0 0.0 1.0 0.027000 false
0.0900 0.0600 0.3300 0.0 0.0 1.0 0.027000 false
0.0900 0.0600 0.3600 0.0 0.0 1.0 0.027000 false
0.0900 0.0600 0.3900 0.0 0.0 1.0 0.027000 false
0.0900 0.0600 0.4200 0.0 0.0 1.0 0.027000 false
0.0900 0.0600 0.4500 0.0 0.0 1.0 0.027000 false
0.0900 0.0900 0.0300 0.0 0.0 1.0 0.027000 false
0.0900 0.0900 0.0600 0.0 0.0 1.0 0.027000 false
0.0900 0.0900 0.0900 0.0 0.0 1.0 0.027000 false
0.0900 0.0900 0.1200 0.0 0.0 1.0 0.027000 false
0.0900 0.0900 0.1500 0.0 0.0 1.0 0.027000 false
0.0900 0.0900 0.1800 0.0 0.0 1.0 0.027000 false
0.0900 0.0900 0.2100 0.0 0.0 1.0 0.027000 false
0.0900 0.0900 0.2400 0.0 0.0 1.0 0.027000 false
0.0900 0.0900 0.2700 0.0 0.0 1.0 0.027000 false
0.0900 0.0900 0.3000 0.0 0.0 1.0 0.027000 false
0.0900 0.0900 0.3300 0.0 0.0 1.0 0.027000 false
0.0900 0.0900 0.3600 0.0 0.0 1.0 0.027000 false
0.0900 0.0900 0.3900 0.0 0.0 1.0 0.027000 false
0.0900 0.0900 0.4200 0.0 0.0 1.0 0.027000 false
0.0900 0.0900 0.4500 0.0 0.0 1.0 0.027000 false
0.0900 0.1200 0.0300 0.0 0.0 1.0 0.027000 false
0.0900 0.1200 0.0600 0.0 0.0 1.0 0.027000 false
0.0900 0.1200 0.0900 0.0 0.0 1.0 0.027000 false
0.0900 0.1200 0.1200 0.0 0.0 1.0 0.027000 false
0.0900 0.1200 0.1500 0.0 0.0 1.0 0.027000 false
0.0900 0.1200 0.1800 0.0 0.0 1.0 0.027000 false
0.0900 0.1200 0.2100 0.0 0.0 1.0 0.027000 false
0.0900 0.1200 0.2400 0.0 0.0 1.0 0.027000 false
0.0900 0.1200 0.2700 0.0 0.0 1.0 0.027000 false
0.0900 0.1200 0.3000 0.0 0.0 1.0 0.027000 false
0.0900 0.1200 0.3300 0.0 0.0 1.0 0.027000 false
0.0900 0.1200 0.3600 0.0 0.0 1.0 0.027000 false
0.0900 0.1200 0.3900 0.0 0.0 1.0 0.027000 false
0.0900 0.1200 0.4200 0.0 0.0 1.0 0.027000 false
0.0900 0.1200 0.4500 0.0 0.0 1.0 0.027000 false
0.0900 0.1500 0.0300 0.0 0.0 1.0 0.027000 false
0.0900 0.1500 0.0600 0.0 0.0 1.0 0.027000 false
0.0900 0.1500 0.0900 0.0 0.0 1.0 0.027000 false
0.0900 0.1500 0.1200 0.0 0.0 1.0 0.027000 false
0.0900 0.1500 0.1500 0.0 0.0 1.0 0.027000 false
0.0900 0.1500 0.1800 0.0 0.0 1.0 0.027000 false
0.0900 0.1500 0.2100 0.0 0.0 1.0 0.027000 false
0.0900 0.1500 0.2400 0.0 0.0 1.0 0.027000 false
0.0900 0.1500 0.2700 0.0 0.0 1.0 0.027000 false
0.0900 0.1500 0.3000 0.0 0.0 1.0 0.027000 false
0.0900 0.1500 0.3300 0.0 0.0 1.0 0.027000 false
0.0900 0.1500 0.3600 0.0 0.0 1.0 0.027000 false
0.0900 0.1500 0.3900 0.0 0.0 1.0 0.027000 false
0.0900 0.1500 0.4200 0.0 0.0 1.0 0.027000 false
0.0900 0.1500 0.4500 0.0 0.0 1.0 0.027000 false
0.0900 0.1800 0.0300 0.0 0.0 1.0 0.027000 false
0.0900 0.1800 0.0600 0.0 0.0 1.0 0.027000 false
0.0900 0.1800 0.0900 0.0 0.0 1.0 0.027000 false
0.0900 0.1800 0.1200 0.0 0.0 1.0 0.027000 false
0.0900 0.1800 0.1500 0.0 0.0 1.0 0.027000 false
0.0900 0.1800 0.1800 0.0 0.0 1.0 0.027000 false
0.0900 0.1800 0.2100 0.0 0.0 1.0 0.027000 false
0.0900 0.1800 0.2400 0.0 0.0 1.0 0.027000 false
0.0900 0.1800 0.2700 0.0 0.0 1.0 0.027000 false
0.0900 0.1800 0.3000 0.0 0.0 1.0 0.027000 false
0.0900 0.1800 0.3300 0.0 0.0 1.0 0.027000 false
0.0900 0.1800 0.3600 0.0 0.0 1.0 0.027000 false
0.0900 0.1800 0.3900 0.0 0.0 1.0 0.027000 false
0.0900 0.1800 0.4200 0.0 0.0 1.0 0.027000 false
0.0900 0.1800 0.4500 0.0 0.0 1.0 0.027000 false
0.0900 0.2100 0.0300 0.0 0.0 1.0 0.027000 false
0.0900 0.2100 0.0600 0.0 0.0 1.0 0.027000 false
0.0900 0.2100 0.0900 0.0 0.0 1.0 0.027000 false
0.0900 0.2100 0.1200 0.0 0.0 1.0 0.027000 false
0.0900 0.2100 0.1500 0.0 0.0 1.0 0.027000 false
0.0900 0.2100 0.1800 0.0 0.0 1.0 0.027000 false
0.0900 0.2100 0.2100 0.0 0.0 1.0 0.027000 false
0.0900 0.2100 0.2400 0.0 0.0 1.0 0.027000 false
0.0900 0.2100 0.2700 0.0 0.0 1.0 0.027000 false
0.0900 0.2100 0.3000 0.0 0.0 1.0 0.027000 false
0.0900 0.2100 0.3300 0.0 0.0 1.0 0.027000 false
0.0900 0.2100 0.3600 0.0 0.0 1.0 0.027000 false
0.0900 0.2100 0.3900 0.0 0.0 1.0 0.027000 false
0.0900 0.2100 0.4200 0.0 0.0 1.0 0.027000 false
0.0900 0.2100 0.4500 0.0 0.0 1.0 0.027000 false
0.0900 0.2400 0.0300 0.0 0.0 1.0 0.027000 false
0.0900 0.2400 0.0600 0.0 0.0 1.0 0.027000 false
0.0900 0.2400 0.0900 0.0 0.0 1.0 0.027000 false
0.0900 0.2400 0.1200 0.0 0.0 1.0 0.027000 false
0.0900 0.2400 0.1500 0.0 0.0 1.0 0.027000 false
0.0900 0.2400 0.1800 0.0 0.0 1.0 0.027000 false
0.0900 0.2400 0.2100 0.0 0.0 1.0 0.027000 false
0.0900 0.2400 0.2400 0.0 0.0 1.0 0.027000 false
0.0900 0.2400 0.2700 0.0 0.0 1.0 0.027000 false
0.0900 0.2400 0.3000 0.0 0.0 1.0 0.027000 false
0.0900 0.2400 0.3300 0.0 0.0 1.0 0.027000 false
0.0900 0.2400 0.3600 0.0 0.0 1.0 0.027000 false
0.0900 0.2400 0.3900 0.0 0.0 1.0 0.027000 false
0.0900 0.2400 0.4200 0.0 0.0 1.0 0.027000 false
0.0900 0.2400 0.4500 0.0 0.0 1.0 0.027000 false
0.0900 0.2700 0.0300 0.0 0.0 1.0 0.027000 false
0.0900 0.2700 0.0600 0.0 0.0 1.0 0.027000 false
0.0900 0.2700 0.0900 0.0 0.0 1.0 0.027000 false
0.0900 0.2700 0.1200 0.0 0.0 1.0 0.027000 false
0.0900 0.2700 0.1500 0.0 0.0 1.0 0.027000 false
0.0900 0.2700 0.1800 0.0 0.0 1.0 0.027000 false
0.0900 0.2700 0.2100 0.0 0.0 1.0 0.027000 false
0.0900 0.2700 0.2400 0.0 0.0 1.0 0.027000 false
0.0900 0.2700 0.2700 0.0 0.0 1.0 0.027000 false
0.0900 0.2700 0.3000 0.0 0.0 1.0 0.027000 false
0.0900 0.2700 0.3300 0.0 0.0 1.0 0.027000 false
0.0900 0.2700 0.3600 0.0 0.0 1.0 0.027000 false
0.0900 0.2700 0.3900 0.0 0.0 1.0 0.027000 false
0.0900 0.2700 0.4200 0.0 0.0 1.0 0.027000 false
0.0900 0.2700 0.4500 0.0 0.0 1.0 0.027000 false
0.0900 0.3000 0.0300 0.0 0.0 1.0 0.027000 false
0.0900 0.3000 0.0600 0.0 0.0 1.0 0.027000 false
0.0900 0.3000 0.0900 0.0 0.0 1.0 0.027000 false
0.0900 0.3000 0.1200 0.0 0.0 1.0 0.027000 false
0.0900 0.3000 0.1500 0.0 0.0 1.0 0.027000 false
0.0900 0.3000 0.1800 0.0 0.0 1.0 0.027000 false
0.0900 0.3000 0.2100 0.0 0.0 1.0 0.027000 false
0.0900 0.3000 0.2400 0.0 0.0 1.0 0.027000 false
0.0900 0.3000 0.2700 0.0 0.0 1.0 0.027000 false
0.0900 0.3000 0.3000 0.0 0.0 1.0 0.027000 false
0.0900 0.3000 0.3300 0.0 0.0 1.0 0.027000 false
0.0900 0.3000 0.3600 0.0 0.0 1.0 0.027000 false
0.0900 0.3000 0.3900 0.0 0.0 1.0 0.027000 false
0.0900 0.3000 0.4200 0.0 0.0 1.0 0.027000 false
0.0900 0.3000 0.4500 0.0 0.0 1.0 0.027000 false
0.0900 0.3300 0.0300 0.0 0.0 1.0 0.027000 false
0.0900 0.3300 0.0600 0.0 0.0 1.0 0.027000 false
0.0900 0.3300 0.0900 0.0 0.0 1.0 0.027000 false
0.0900 0.3300 0.1200 0.0 0.0 1.0 0.027000 false
0.0900 0.3300 0.1500 0.0 0.0 1.0 0.027000 false
0.0900 0.3300 0.1800 0.0 0.0 1.0 0.027000 false
0.0900 0.3300 0.2100 0.0 0.0 1.0 0.027000 false
0.0900 0.3300 0.2400 0.0 0.0 1.0 0.027000 false
0.0900 0.3300 0.2700 0.0 0.0 1.0 0.027000 false
0.0900 0.3300 0.3000 0.0 0.0 1.0 0.027000 false
0.0900 0.3300 0.3300 0.0 0.0 1.0 0.027000 false
0.0900 0.3300 0.3600 0.0 0.0 1.0 0.027000 false
0.0900 0.3300 0.3900 0.0 0.0 1.0 0.027000 false
0.0900 0.3300 0.4200 0.0 0.0 1.0 0.027000 false
0.0900 0.3300 0.4500 0.0 0.0 1.0 0.027000 false
0.0900 0.3600 0.0300 0.0 0.0 1.0 0.027000 false
0.0900 0.3600 0.0600 0.0 0.0 1.0 0.027000 false
0.0900 0.3600 0.0900 0.0 0.0 1.0 0.027000 false
0.0900 0.3600 0.1200 0.0 0.0 1.0 0.027000 false
0.0900 0.3600 0.1500 0.0 0.0 1.0 0.027000 false
0.0900 0.3600 0.1800 0.0 0.0 1.0 0.027000 false
0.0900 0.3600 0.2100 0.0 0.0 1.0 0.027000 false
0.0900 0.3600 0.2400 0.0 0.0 1.0 0.027000 false
0.0900 0.3600 0.2700 0.0 0.0 1.0 0.027000 false
0.0900 0.3600 0.3000 0.0 0.0 1.0 0.027000 false
0.0900 0.3600 0.3300 0.0 0.0 1.0 0.027000 false
0.0900 0.3600 0.3600 0.0 0.0 1.0 0.027000 false
0.0900 0.3600 0.3900 0.0 0.0 1.0 0.027000 false
0.0900 0.3600 0.4200 0.0 0.0 1.0 0.027000 false
0.0900 0.3600 0.4500 0.0 0.0 1.0 0.027000 false
0.0900 0.3900 0.0300 0.0 0.0 1.0 0.027000 false
0.0900 0.3900 0.0600 0.0 0.0 1.0 0.027000 false
0.0900 0.3900 0.0900 0.0 0.0 1.0 0.027000 false
0.0900 0.3900 0.1200 0.0 0.0 1.0 0.027000 false
0.0900 0.3900 0.1500 0.0 0.0 1.0 0.027000 false
0.0900 0.3900 0.1800 0.0 0.0 1.0 0.027000 false
0.0900 0.3900 0.2100 0.0 0.0 1.0 0.027000 false
0.0900 0.3900 0.2400 0.0 0.0 1.0 0.027000 false
0.0900 0.3900 0.2700 0.0 0.0 1.0 0.027000 false
0.0900 0.3900 0.3000 0.0 0.0 1.0 0.027000 false
0.0900 0.3900 0.3300 0.0 0.0 1.0 0.027000 false
0.0900 0.3900 0.3600 0.0 0.0 1.0 0.027000 false
0.0900 0.3900 0.3900 0.0 0.0 1.0 0.027000 false
0.0900 0.3900 0.4200 0.0 0.0 1.0 0.027000 false
0.0900 0.3900 0.4500 0.0 0.0 1.0 0.027000 false
0.0900 0.4200 0.0300 0.0 0.0 1.0 0.027000 false
0.0900 0.4200 0.0600 0.0 0.0 1.0 0.027000 false
0.0900 0.4200 0.0900 0.0 0.0 1.0 0.027000 false
0.0900 0.4200 0.1200 0.0 0.0 1.0 0.027000 false
0.0900 0.4200 0.1500 0.0 0.0 1.0 0.027000 false
0.0900 0.4200 0.1800 0.0 0.0 1.0 0.027000 false
0.0900 0.4200 0.2100 0.0 0.0 1.0 0.027000 false
0.0900 0.4200 0.2400 0.0 0.0 1.0 0.027000 false
0.0900 0.4200 0.2700 0.0 0.0 1.0 0.027000 false
0.0900 0.4200 0.3000 0.0 0.0 1.0 0.027000 false
0.0900 0.4200 0.3300 0.0 0.0 1.0 0.027000 false
0.0900 0.4200 0.3600 0.0 0.0 1.0 0.027000 false
0.0900 0.4200 0.3900 0.0 0.0 1.0 0.027000 false
0.0900 0.4200 0.4200 0.0 0.0 1.0 0.027000 false
0.0900 0.4200 0.4500 0.0 0.0 1.0 0.027000 false
0.0900 0.4500 0.0300 0.0 0.0 1.0 0.027000 false
0.0900 0.4500 0.0600 0.0 0.0 1.0 0.027000 false
0.0900 0.4500 0.0900 0.0 0.0 1.0 0.027000 false
0.0900 0.4500 0.1200 0.0 0.0 1.0 0.027000 false
0.0900 0.4500 0.1500 0.0 0.0 1.0 0.027000 false
0.0900 0.4500 0.1800 0.0 0.0 1.0 0.027000 false
0.0900 0.4500 0.2100 0.0 0.0 1.0 0.027000 false
0.0900 0.4500 0.2400 0.0 0.0 1.0 0.027000 false
0.0900 0.4500 0.2700 0.0 0.0 1.0 0.027000 false
0.0900 0.4500 0.3000 0.0 0.0 1.0 0.027000 false
0.0900 0.4500 0.3300 0.0 0.0 1.0 0.027000 false
0.0900 0.4500 0.3600 0.0 0.0 1.0 0.027000 false
0.0900 0.4500 0.3900 0.0 0.0 1.0 0.027000 false
0.0900 0.4500 0.4200 0.0 0.0 1.0 0.027000 false
0.0900 0.4500 0.4500 0.0 0.0 1.0 0.027000 false
0.1200 0.0300 0.0300 0.0 0.0 1.0 0.027000 false
0.1200 0.0300 0.0600 0.0 0.0 1.0 0.027000 false
0.1200 0.0300 0.0900 0.0 0.0 1.0 0.027000 false
0.1200 0.0300 0.1200 0.0 0.0 1.0 0.027000 false
0.1200 0.0300 0.1500 0.0 0.0 1.0 0.027000 false
0.1200 0.0300 0.1800 0.0 0.0 1.0 0.027000 false
0.1200 0.0300 0.2100 0.0 0.0 1.0 0.027000 false
0.1200 0.0300 0.2400 0.0 0.0 1.0 0.027000 false
0.1200 0.0300 0.2700 0.0 0.0 1.0 0.027000 false
0.1200 0.0300 0.3000 0.0 0.0 1.0 0.027000 false
0.1200 0.0300 0.3300 0.0 0.0 1.0 0.027000 false
0.1200 0.0300 0.3600 0.0 0.0 1.0 0.027000 false
0.1200 0.0300 0.3900 0.0 0.0 1.0 0.027000 false
0.1200 0.0300 0.4200 0.0 0.0 1.0 0.027000 false
0.1200 0.0300 0.4500 0.0 0.0 1.0 0.027000 false
0.1200 0.0600 0.0300 0.0 0.0 1.0 0.027000 false
0.1200 0.0600 0.0600 0.0 0.0 1.0 0.027000 false
0.1200 0.0600 0.0900 0.0 0.0 1.0 0.027000 false
0.1200 0.0600 0.1200 0.0 0.0 1.0 0.027000 false
0.1200 0.0600 0.1500 0.0 0.0 1.0 0.027000 false
0.1200 0.0600 0.1800 0.0 0.0 1.0 0.027000 false
0.1200 0.0600 0.2100 0.0 0.0 1.0 0.027000 false
0.1200 0.0600 0.2400 0.0 0.0 1.0 0.027000 false
0.1200 0.0600 0.2700 0.0 0.0 1.0 0.027000 false
0.1200 0.0600 0.3000 0.0 0.0 1.0 0.027000 false
0.1200 0.0600 0.3300 0.0 0.0 1.0 0.027000 false
0.1200 0.0600 0.3600 0.0 0.0 1.0 0.027000 false
0.1200 0.0600 0.3900 0.0 0.0 1.0 0.027000 false
0.1200 0.0600 0.4200 0.0 0.0 1.0 0.027000 false
0.1200 0.0600 0.4500 0.0 0.0 1.0 0.027000 false
0.1200 0.0900 0.0300 0.0 0.0 1.0 0.027000 false
0.1200 0.0900 0.0600 0.0 0.0 1.0 0.027000 false
0.1200 0.0900 0.0900 0.0 0.0 1.0 0.027000 false
0.1200 0.0900 0.1200 0.0 0.0 1.0 0.027000 false
0.1200 0.0900 0.1500 0.0 0.0 1.0 0.027000 false
0.1200 0.0900 0.1800 0.0 0.0 1.0 0.027000 false
0.1200 0.0900 0.2100 0.0 0.0 1.0 0.027000 false
0.1200 0.0900 0.2400 0.0 0.0 1.0 0.027000 false
0.1200 0.0900 0.2700 0.0 0.0 1.0 0.027000 false
0.1200 0.0900 0.3000 0.0 0.0 1.0 0.027000 false
0.1200 0.0900 0.3300 0.0 0.0 1.0 0.027000 false
0.1200 0.0900 0.3600 0.0 0.0 1.0 0.027000 false
0.1200 0.0900 0.3900 0.0 0.0 1.0 0.027000 false
0.1200 0.0900 0.4200 0.0 0.0 1.0 0.027000 false
0.1200 0.0900 0.4500 0.0 0.0 1.0 0.027000 false
0.1200 0.1200 0.0300 0.0 0.0 1.0 0.027000 false
0.1200 0.1200 0.0600 0.0 0.0 1.0 0.027000 false
0.1200 0.1200 0.0900 0.0 0.0 1.0 0.027000 false
0.1200 0.1200 0.1200 0.0 0.0 1.0 0.027000 false
0.1200 0.1200 0.1500 0.0 0.0 1.0 0.027000 false
0.1200 0.1200 0.1800 0.0 0.0 1.0 0.027000 false
0.1200 0.1200 0.2100 0.0 0.0 1.0 0.027000 false
0.1200 0.1200 0.2400 0.0 0.0 1.0 0.027000 false
0.1200 0.1200 0.2700 0.0 0.0 1.0 0.027000 false
0.1200 0.1200 0.3000 0.0 0.0 1.0 0.027000 false
0.1200 0.1200 0.3300 0.0 0.0 1.0 0.027000 false
0.1200 0.1200 0.3600 0.0 0.0 1.0 0.027000 false
0.1200 0.1200 0.3900 0.0 0.0 1.0 0.027000 false
0.1200 0.1200 0.4200 0.0 0.0 1.0 0.027000 false
0.1200 0.1200 0.4500 0.0 0.0 1.0 0.027000 false
0.1200 0.1500 0.0300 0.0 0.0 1.0 0.027000 false
0.1200 0.1500 0.0600 0.0 0.0 1.0 0.027000 false
0.1200 0.1500 0.0900 0.0 0.0 1.0 0.027000 false
0.1200 0.1500 0.1200 0.0 0.0 1.0 0.027000 false
0.1200 0.1500 0.1500 0.0 0.0 1.0 0.027000 false
0.1200 0.1500 0.1800 0.0 0.0 1.0 0.027000 false
0.1200 0.1500 0.2100 0.0 0.0 1.0 0.027000 false
0.1200 0.1500 0.2400 0.0 0.0 1.0 0.027000 false
0.1200 0.1500 0.2700 0.0 0.0 1.0 0.027000 false
0.1200 0.1500 0.3000 0.0 0.0 1.0 0.027000 false
0.1200 0.1500 0.3300 0.0 0.0 1.0 0.027000 false
0.1200 0.1500 0.3600 0.0 0.0 1.0 0.027000 false
0.1200 0.1500 0.3900 0.0 0.0 1.0 0.027000 false
0.1200 0.1500 0.4200 0.0 0.0 1.0 0.027000 false
0.1200 0.1500 0.4500 0.0 0.0 1.0 0.027000 false
0.1200 0.1800 0.0300 0.0 0.0 1.0 0.027000 false
0.1200 0.1800 0.0600 0.0 0.0 1.0 0.027000 false
0.1200 0.1800 0.0900 0.0 0.0 1.0 0.027000 false
0.1200 0.1800 0.1200 0.0 0.0 1.0 0.027000 false
0.1200 0.1800 0.1500 0.0 0.0 1.0 0.027000 false
0.1200 0.1800 0.1800 0.0 0.0 1.0 0.027000 false
0.1200 0.1800 0.2100 0.0 0.0 1.0 0.027000 false
0.1200 0.1800 0.2400 0.0 0.0 1.0 0.027000 false
0.1200 0.1800 0.2700 0.0 0.0 1.0 0.027000 false
0.1200 0.1800 0.3000 0.0 0.0 1.0 0.027000 false
0.1200 0.1800 0.3300 0.0 0.0 1.0 0.027000 false
0.1200 0.1800 0.3600 0.0 0.0 1.0 0.027000 false
0.1200 0.1800 0.3900 0.0 0.0 1.0 0.027000 false
0.1200 0.1800 0.4200 0.0 0.0 1.0 0.027000 false
0.1200 0.1800 0.4500 0.0 0.0 1.0 0.027000 false
0.1200 0.2100 0.0300 0.0 0.0 1.0 0.027000 false
0.1200 0.2100 0.0600 0.0 0.0 1.0 0.027000 false
0.1200 0.2100 0.0900 0.0 0.0 1.0 0.027000 false
0.1200 0.2100 0.1200 0.0 0.0 1.0 0.027000 false
0.1200 0.2100 0.1500 0.0 0.0 1.0 0.027000 false
0.1200 0.2100 0.1800 0.0 0.0 1.0 0.027000 false
0.1200 0.2100 0.2100 0.0 0.0 1.0 0.027000 false
0.1200 0.2100 0.2400 0.0 0.0 1.0 0.027000 false
0.1200 0.2100 0.2700 0.0 0.0 1.0 0.027000 false
0.1200 0.2100 0.3000 0.0 0.0 1.0 0.027000 false
0.1200 0.2100 0.3300 0.0 0.0 1.0 0.027000 false
0.1200 0.2100 0.3600 0.0 0.0 1.0 0.027000 false
0.1200 0.2100 0.3900 0.0 0.0 1.0 0.027000 false
0.1200 0.2100 0.4200 0.0 0.0 1.0 0.027000 false
0.1200 0.2100 0.4500 0.0 0.0 1.0 0.027000 false
0.1200 0.2400 0.0300 0.0 0.0 1.0 0.027000 false
0.1200 0.2400 0.0600 0.0 0.0 1.0 0.027000 false
0.1200 0.2400 0.0900 0.0 0.0 1.0 0.027000 false
0.1200 0.2400 0.1200 0.0 0.0 1.0 0.027000 false
0.1200 0.2400 0.1500 0.0 0.0 1.0 0.027000 false
0.1200 0.2400 0.1800 0.0 0.0 1.0 0.027000 false
0.1200 0.2400 0.2100 0.0 0.0 1.0 0.027000 false
0.1200 0.2400 0.2400 0.0 0.0 1.0 0.027000 false
0.1200 0.2400 0.2700 0.0 0.0 1.0 0.027000 false
0.1200 0.2400 0.3000 0.0 0.0 1.0 0.027000 false
0.1200 0.2400 0.3300 0.0 0.0 1.0 0.027000 false
0.1200 0.2400 0.3600 0.0 0.0 1.0 0.027000 false
0.1200 0.2400 0.3900 0.0 0.0 1.0 0.027000 false
0.1200 0.2400 0.4200 0.0 0.0 1.0 0.027000 false
0.1200 0.2400 0.4500 0.0 0.0 1.0 0.027000 false
0.1200 0.2700 0.0300 0.0 0.0 1.0 0.027000 false
0.1200 0.2700 0.0600 0.0 0.0 1.0 0.027000 false
0.1200 0.2700 0.0900 0.0 0.0 1.0 0.027000 false
0.1200 0.2700 0.1200 0.0 0.0 1.0 0.027000 false
0.1200 0.2700 0.1500 0.0 0.0 1.0 0.027000 false
0.1200 0.2700 0.1800 0.0 0.0 1.0 0.027000 false
0.1200 0.2700 0.2100 0.0 0.0 1.0 0.027000 false
0.1200 0.2700 0.2400 0.0 0.0 1.0 0.027000 false
0.1200 0.2700 0.2700 0.0 0.0 1.0 0.027000 false
0.1200 0.2700 0.3000 0.0 0.0 1.0 0.027000 false
0.1200 0.2700 0.3300 0.0 0.0 1.0 0.027000 false
0.1200 0.2700 0.3600 0.0 0.0 1.0 0.027000 false
0.1200 0.2700 0.3900 0.0 0.0 1.0 0.027000 false
0.1200 0.2700 0.4200 0.0 0.0 1.0 0.027000 false
0.1200 0.2700 0.4500 0.0 0.0 1.0 0.027000 false
0.1200 0.3000 0.0300 0.0 0.0 1.0 0.027000 false
0.1200 0.3000 0.0600 0.0 0.0 1.0 0.027000 false
0.1200 0.3000 0.0900 0.0 0.0 1.0 0.027000 false
0.1200 0.3000 0.1200 0.0 0.0 1.0 0.027000 false
0.1200 0.3000 0.1500 0.0 0.0 1.0 0.027000 false
0.1200 0.3000 0.1800 0.0 0.0 1.0 0.027000 false
0.1200 0.3000 0.2100 0.0 0.0 1.0 0.027000 false
0.1200 0.3000 0.2400 0.0 0.0 1.0 0.027000 false
0.1200 0.3000 0.2700 0.0 0.0 1.0 0.027000 false
0.1200 0.3000 0.3000 0.0 0.0 1.0 0.027000 false
0.1200 0.3000 0.3300 0.0 0.0 1.0 0.027000 false
0.1200 0.3000 0.3600 0.0 0.0 1.0 0.027000 false
0.1200 0.3000 0.3900 0.0 0.0 1.0 0.027000 false
0.1200 0.3000 0.4200 0.0 0.0 1.0 0.027000 false
0.1200 0.3000 0.4500 0.0 0.0 1.0 0.027000 false
0.1200 0.3300 0.0300 0.0 0.0 1.0 0.027000 false
0.1200 0.3300 0.0600 0.0 0.0 1.0 0.027000 false
0.1200 0.3300 0.0900 0.0 0.0 1.0 0.027000 false
0.1200 0.3300 0.1200 0.0 0.0 1.0 0.027000 false
0.1200 0.3300 0.1500 0.0 0.0 1.0 0.027000 false
0.1200 0.3300 0.1800 0.0 0.0 1.0 0.027000 false
0.1200 0.3300 0.2100 0.0 0.0 1.0 0.027000 false
0.1200 0.3300 0.2400 0.0 0.0 1.0 0.027000 false
0.1200 0.3300 0.2700 0.0 0.0 1.0 0.027000 false
0.1200 0.3300 0.3000 0.0 0.0 1.0 0.027000 false
0.1200 0.3300 0.3300 0.0 0.0 1.0 0.027000 false
0.1200 0.3300 0.3600 0.0 0.0 1.0 0.027000 false
0.1200 0.3300 0.3900 0.0 0.0 1.0 0.027000 false
0.1200 0.3300 0.4200 0.0 0.0 1.0 0.027000 false
0.1200 0.3300 0.4500 0.0 0.0 1.0 0.027000 false
0.1200 0.3600 0.0300 0.0 0.0 1.0 0.027000 false
0.1200 0.3600 0.0600 0.0 0.0 1.0 0.027000 false
0.1200 0.3600 0.0900 0.0 0.0 1.0 0.027000 false
0.1200 0.3600 0.1200 0.0 0.0 1.0 0.027000 false
0.1200 0.3600 0.1500 0.0 0.0 1.0 0.027000 false
0.1200 0.3600 0.1800 0.0 0.0 1.0 0.027000 false
0.1200 0.3600 0.2100 0.0 0.0 1.0 0.027000 false
0.1200 0.3600 0.2400 0.0 0.0 1.0 0.027000 false
0.1200 0.3600 0.2700 0.0 0.0 1.0 0.027000 false
0.1200 0.3600 0.3000 0.0 0.0 1.0 0.027000 false
0.1200 0.3600 0.3300 0.0 0.0 1.0 0.027000 false
0.1200 0.3600 0.3600 0.0 0.0 1.0 0.027000 false
0.1200 0.3600 0.3900 0.0 0.0 1.0 0.027000 false
0.1200 0.3600 0.4200 0.0 0.0 1.0 0.027000 false
0.1200 0.3600 0.4500 0.0 0.0 1.0 0.027000 false
0.1200 0.3900 0.0300 0.0 0.0 1.0 0.027000 false
0.1200 0.3900 0.0600 0.0 0.0 1.0 0.027000 false
0.1200 0.3900 0.0900 0.0 0.0 1.0 0.027000 false
0.1200 0.3900 0.1200 0.0 0.0 1.0 0.027000 false
0.1200 0.3900 0.1500 0.0 0.0 1.0 0.027000 false
0.1200 0.3900 0.1800 0.0 0.0 1.0 0.027000 false
0.1200 0.3900 0.2100 0.0 0.0 1.0 0.027000 false
0.1200 0.3900 0.2400 0.0 0.0 1.0 0.027000 false
0.1200 0.3900 0.2700 0.0 0.0 1.0 0.027000 false
0.1200 0.3900 0.3000 0.0 0.0 1.0 0.027000 false
0.1200 0.3900 0.3300 0.0 0.0 1.0 0.027000 false
0.1200 0.3900 0.3600 0.0 0.0 1.0 0.027000 false
0.1200 0.3900 0.3900 0.0 0.0 1.0 0.027000 false
0.1200 0.3900 0.4200 0.0 0.0 1.0 0.027000 false
0.1200 0.3900 0.4500 0.0 0.0 1.0 0.027000 false
0.1200 0.4200 0.0300 0.0 0.0 1.0 0.027000 false
0.1200 0.4200 0.0600 0.0 0.0 1.0 0.027000 false
0.1200 0.4200 0.0900 0.0 0.0 1.0 0.027000 false
0.1200 0.4200 0.1200 0.0 0.0 1.0 0.027000 false
0.1200 0.4200 0.1500 0.0 0.0 1.0 0.027000 false
0.1200 0.4200 0.1800 0.0 0.0 1.0 0.027000 false
0.1200 0.4200 0.2100 0.0 0.0 1.0 0.027000 false
0.1200 0.4200 0.2400 0.0 0.0 1.0 0.027000 false
0.1200 0.4200 0.2700 0.0 0.0 1.0 0.027000 false
0.1200 0.4200 0.3000 0.0 0.0 1.0 0.027000 false
0.1200 0.4200 0.3300 0.0 0.0 1.0 0.027000 false
0.1200 0.4200 0.3600 0.0 0.0 1.0 0.027000 false
0.1200 0.4200 0.3900 0.0 0.0 1.0 0.027000 false
0.1200 0.4200 0.4200 0.0 0.0 1.0 0.027000 false
0.1200 0.4200 0.4500 0.0 0.0 1.0 0.027000 false
0.1200 0.4500 0.0300 0.0 0.0 1.0 0.027000 false
0.1200 0.4500 0.0600 0.0 0.0 1.0 0.027000 false
0.1200 0.4500 0.0900 0.0 0.0 1.0 0.027000 false
0.1200 0.4500 0.1200 0.0 0.0 1.0 0.027000 false
0.1200 0.4500 0.1500 0.0 0.0 1.0 0.027000 false
0.1200 0.4500 0.1800 0.0 0.0 1.0 0.027000 false
0.1200 0.4500 0.2100 0.0 0.0 1.0 0.027000 false
0.1200 0.4500 0.2400 0.0 0.0 1.0 0.027000 false
0.1200 0.4500 0.2700 0.0 0.0 1.0 0.027000 false
0.1200 0.4500 0.3000 0.0 0.0 1.0 0.027000 false
0.1200 0.4500 0.3300 0.0 0.0 1.0 0.027000 false
0.1200 0.4500 0.3600 0.0 0.0 1.0 0.027000 false
0.1200 0.4500 0.3900 0.0 0.0 1.0 0.027000 false
0.1200 0.4500 0.4200 0.0 0.0 1.0 0.027000 false
0.1200 0.4500 0.4500 0.0 0.0 1.0 0.027000 false
0.1500 0.0300 0.0300 0.0 0.0 1.0 0.027000 false
0.1500 0.0300 0.0600 0.0 0.0 1.0 0.027000 false
0.1500 0.0300 0.0900 0.0 0.0 1.0 0.027000 false
0.1500 0.0300 0.1200 0.0 0.0 1.0 0.027000 false
0.1500 0.0300 0.1500 0.0 0.0 1.0 0.027000 false
0.1500 0.0300 0.1800 0.0 0.0 1.0 0.027000 false
0.1500 0.0300 0.2100 0.0 0.0 1.0 0.027000 false
0.1500 0.0300 0.2400 0.0 0.0 1.0 0.027000 false
0.1500 0.0300 0.2700 0.0 0.0 1.0 0.027000 false
0.1500 0.0300 0.3000 0.0 0.0 1.0 0.027000 false
0.1500 0.0300 0.3300 0.0 0.0 1.0 0.027000 false
0.1500 0.0300 0.3600 0.0 0.0 1.0 0.027000 false
0.1500 0.0300 0.3900 0.0 0.0 1.0 0.027000 false
0.1500 0.0300 0.4200 0.0 0.0 1.0 0.027000 false
0.1500 0.0300 0.4500 0.0 0.0 1.0 0.027000 false
0.1500 0.0600 0.0300 0.0 0.0 1.0 0.027000 false
0.1500 0.0600 0.0600 0.0 0.0 1.0 0.027000 false
0.1500 0.0600 0.0900 0.0 0.0 1.0 0.027000 false
0.1500 0.0600 0.1200 0.0 0.0 1.0 0.027000 false
0.1500 0.0600 0.1500 0.0 0.0 1.0 0.027000 false
0.1500 0.0600 0.1800 0.0 0.0 1.0 0.027000 false
0.1500 0.0600 0.2100 0.0 0.0 1.0 0.027000 false
0.1500 0.0600 0.2400 0.0 0.0 1.0 0.027000 false
0.1500 0.0600 0.2700 0.0 0.0 1.0 0.027000 false
0.1500 0.0600 0.3000 0.0 0.0 1.0 0.027000 false
0.1500 0.0600 0.3300 0.0 0.0 1.0 0.027000 false
0.1500 0.0600 0.3600 0.0 0.0 1.0 0.027000 false
0.1500 0.0600 0.3900 0.0 0.0 1.0 0.027000 false
0.1500 0.0600 0.4200 0.0 0.0 1.0 0.027000 false
0.1500 0.0600 0.4500 0.0 0.0 1.0 0.027000 false
0.1500 0.0900 0.0300 0.0 0.0 1.0 0.027000 false
0.1500 0.0900 0.0600 0.0 0.0 1.0 0.027000 false
0.1500 0.0900 0.0900 0.0 0.0 1.0 0.027000 false
0.1500 0.0900 0.1200 0.0 0.0 1.0 0.027000 false
0.1500 0.0900 0.1500 0.0 0.0 1.0 0.027000 false
0.1500 0.0900 0.1800 0.0 0.0 1.0 0.027000 false
0.1500 0.0900 0.2100 0.0 0.0 1.0 0.027000 false
0.1500 0.0900 0.2400 0.0 0.0 1.0 0.027000 false
0.1500 0.0900 0.2700 0.0 0.0 1.0 0.027000 false
0.1500 0.0900 0.3000 0.0 0.0 1.0 0.027000 false
0.1500 0.0900 0.3300 0.0 0.0 1.0 0.027000 false
0.1500 0.0900 0.3600 0.0 0.0 1.0 0.027000 false
0.1500 0.0900 0.3900 0.0 0.0 1.0 0.027000 false
0.1500 0.0900 0.4200 0.0 0.0 1.0 0.027000 false
0.1500 0.0900 0.4500 0.0 0.0 1.0 0.027000 false
0.1500 0.1200 0.0300 0.0 0.0 1.0 0.027000 false
0.1500 0.1200 0.0600 0.0 0.0 1.0 0.027000 false
0.1500 0.1200 0.0900 0.0 0.0 1.0 0.027000 false
0.1500 0.1200 0.1200 0.0 0.0 1.0 0.027000 false
0.1500 0.1200 0.1500 0.0 0.0 1.0 0.027000 false
0.1500 0.1200 0.1800 0.0 0.0 1.0 0.027000 false
0.1500 0.1200 0.2100 0.0 0.0 1.0 0.027000 false
0.1500 0.1200 0.2400 0.0 0.0 1.0 0.027000 false
0.1500 0.1200 0.2700 0.0 0.0 1.0 0.027000 false
0.1500 0.1200 0.3000 0.0 0.0 1.0 0.027000 false
0.1500 0.1200 0.3300 0.0 0.0 1.0 0.027000 false
0.1500 0.1200 0.3600 0.0 0.0 1.0 0.027000 false
0.1500 0.1200 0.3900 0.0 0.0 1.0 0.027000 false
0.1500 0.1200 0.4200 0.0 0.0 1.0 0.027000 false
0.1500 0.1200 0.4500 0.0 0.0 1.0 0.027000 false
0.1500 0.1500 0.0300 0.0 0.0 1.0 0.027000 false
0.1500 0.1500 0.0600 0.0 0.0 1.0 0.027000 false
0.1500 0.1500 0.0900 0.0 0.0 1.0 0.027000 false
0.1500 0.1500 0.1200 0.0 0.0 1.0 0.027000 false
0.1500 0.1500 0.1500 0.0 0.0 1.0 0.027000 false
0.1500 0.1500 0.1800 0.0 0.0 1.0 0.027000 false
0.1500 0.1500 0.2100 0.0 0.0 1.0 0.027000 false
0.1500 0.1500 0.2400 0.0 0.0 1.0 0.027000 false
0.1500 0.1500 0.2700 0.0 0.0 1.0 0.027000 false
0.1500 0.1500 0.3000 0.0 0.0 1.0 0.027000 false
0.1500 0.1500 0.3300 0.0 0.0 1.0 0.027000 false
0.1500 0.1500 0.3600 0.0 0.0 1.0 0.027000 false
0.1500 0.1500 0.3900 0.0 0.0 1.0 0.027000 false
0.1500 0.1500 0.4200 0.0 0.0 1.0 0.027000 false
0.1500 0.1500 0.4500 0.0 0.0 1.0 0.027000 false
0.1500 0.1800 0.0300 0.0 0.0 1.0 0.027000 false
0.1500 0.1800 0.0600 0.0 0.0 1.0 0.027000 false
0.1500 0.1800 0.0900 0.0 0.0 1.0 0.027000 false
0.1500 0.1800 0.1200 0.0 0.0 1.0 0.027000 false
0.1500 0.1800 0.1500 0.0 0.0 1.0 0.027000 false
0.1500 0.1800 0.1800 0.0 0.0 1.0 0.027000 false
0.1500 0.1800 0.2100 0.0 0.0 1.0 0.027000 false
0.1500 0.1800 0.2400 0.0 0.0 1.0 0.027000 false
0.1500 0.1800 0.2700 0.0 0.0 1.0 0.027000 false
0.1500 0.1800 0.3000 0.0 0.0 1.0 0.027000 false
0.1500 0.1800 0.3300 0.0 0.0 1.0 0.027000 false
0.1500 0.1800 0.3600 0.0 0.0 1.0 0.027000 false
0.1500 0.1800 0.3900 0.0 0.0 1.0 0.027000 false
0.1500 0.1800 0.4200 0.0 0.0 1.0 0.027000 false
0.1500 0.1800 0.4500 0.0 0.0 1.0 0.027000 false
0.1500 0.2100 0.0300 0.0 0.0 1.0 0.027000 false
0.1500 0.2100 0.0600 0.0 0.0 1.0 0.027000 false
0.1500 0.2100 0.0900 0.0 0.0 1.0 0.027000 false
0.1500 0.2100 0.1200 0.0 0.0 1.0 0.027000 false
0.1500 0.2100 0.1500 0.0 0.0 1.0 0.027000 false
0.1500 0.2100 0.1800 0.0 0.0 1.0 0.027000 false
0.1500 0.2100 0.2100 0.0 0.0 1.0 0.027000 false
0.1500 0.2100 0.2400 0.0 0.0 1.0 0.027000 false
0.1500 0.2100 0.2700 0.0 0.0 1.0 0.027000 false
0.1500 0.2100 0.3000 0.0 0.0 1.0 0.027000 false
0.1500 0.2100 0.3300 0.0 0.0 1.0 0.027000 false
0.1500 0.2100 0.3600 0.0 0.0 1.0 0.027000 false
0.1500 0.2100 0.3900 0.0 0.0 1.0 0.027000 false
0.1500 0.2100 0.4200 0.0 0.0 1.0 0.027000 false
0.1500 0.2100 0.4500 0.0 0.0 1.0 0.027000 false
0.1500 0.2400 0.0300 0.0 0.0 1.0 0.027000 false
0.1500 0.2400 0.0600 0.0 0.0 1.0 0.027000 false
0.1500 0.2400 0.0900 0.0 0.0 1.0 0.027000 false
0.1500 0.2400 0.1200 0.0 0.0 1.0 0.027000 false
0.1500 0.2400 0.1500 0.0 0.0 1.0 0.027000 false
0.1500 0.2400 0.1800 0.0 0.0 1.0 0.027000 false
0.1500 0.2400 0.2100 0.0 0.0 1.0 0.027000 false
0.1500 0.2400 0.2400 0.0 0.0 1.0 0.027000 false
0.1500 0.2400 0.2700 0.0 0.0 1.0 0.027000 false
0.1500 0.2400 0.3000 0.0 0.0 1.0 0.027000 false
0.1500 0.2400 0.3300 0.0 0.0 1.0 0.027000 false
0.1500 0.2400 0.3600 0.0 0.0 1.0 0.027000 false
0.1500 0.2400 0.3900 0.0 0.0 1.0 0.027000 false
0.1500 0.2400 0.4200 0.0 0.0 1.0 0.027000 false
0.1500 0.2400 0.4500 0.0 0.0 1.0 0.027000 false
0.1500 0.2700 0.0300 0.0 0.0 1.0 0.027000 false
0.1500 0.2700 0.0600 0.0 0.0 1.0 0.027000 false
0.1500 0.2700 0.0900 0.0 0.0 1.0 0.027000 false
0.1500 0.2700 0.1200 0.0 0.0 1.0 0.027000 false
0.1500 0.2700 0.1500 0.0 0.0 1.0 0.027000 false
0.1500 0.2700 0.1800 0.0 0.0 1.0 0.027000 false
0.1500 0.2700 0.2100 0.0 0.0 1.0 0.027000 false
0.1500 0.2700 0.2400 0.0 0.0 1.0 0.027000 false
0.1500 0.2700 0.2700 0.0 0.0 1.0 0.027000 false
0.1500 0.2700 0.3000 0.0 0.0 1.0 0.027000 false
0.1500 0.2700 0.3300 0.0 0.0 1.0 0.027000 false
0.1500 0.2700 0.3600 0.0 0.0 1.0 0.027000 false
0.1500 0.2700 0.3900 0.0 0.0 1.0 0.027000 false
0.1500 0.2700 0.4200 0.0 0.0 1.0 0.027000 false
0.1500 0.2700 0.4500 0.0 0.0 1.0 0.027000 false
0.1500 0.3000 0.0300 0.0 0.0 1.0 0.027000 false
0.1500 0.3000 0.0600 0.0 0.0 1.0 0.027000 false
0.1500 0.3000 0.0900 0.0 0.0 1.0 0.027000 false
0.1500 0.3000 0.1200 0.0 0.0 1.0 0.027000 false
0.1500 0.3000 0.1500 0.0 0.0 1.0 0.027000 false
0.1500 0.3000 0.1800 0.0 0.0 1.0 0.027000 false
0.1500 0.3000 0.2100 0.0 0.0 1.0 0.027000 false
0.1500 0.3000 0.2400 0.0 0.0 1.0 0.027000 false
0.1500 0.3000 0.2700 0.0 0.0 1.0 0.027000 false
0.1500 0.3000 0.3000 0.0 0.0 1.0 0.027000 false
0.1500 0.3000 0.3300 0.0 0.0 1.0 0.027000 false
0.1500 0.3000 0.3600 0.0 0.0 1.0 0.027000 false
0.1500 0.3000 0.3900 0.0 0.0 1.0 0.027000 false
0.1500 0.3000 0.4200 0.0 0.0 1.0 0.027000 false
0.1500 0.3000 0.4500 0.0 0.0 1.0 0.027000 false
0.1500 0.3300 0.0300 0.0 0.0 1.0 0.027000 false
0.1500 0.3300 0.0600 0.0 0.0 1.0 0.027000 false
0.1500 0.3300 0.0900 0.0 0.0 1.0 0.027000 false
0.1500 0.3300 0.1200 0.0 0.0 1.0 0.027000 false
0.1500 0.3300 0.1500 0.0 0.0 1.0 0.027000 false
0.1500 0.3300 0.1800 0.0 0.0 1.0 0.027000 false
0.1500 0.3300 0.2100 0.0 0.0 1.0 0.027000 false
0.1500 0.3300 0.2400 0.0 0.0 1.0 0.027000 false
0.1500 0.3300 0.2700 0.0 0.0 1.0 0.027000 false
0.1500 0.3300 0.3000 0.0 0.0 1.0 0.027000 false
0.1500 0.3300 0.3300 0.0 0.0 1.0 0.027000 false
0.1500 0.3300 0.3600 0.0 0.0 1.0 0.027000 false
0.1500 0.3300 0.3900 0.0 0.0 1.0 0.027000 false
0.1500 0.3300 0.4200 0.0 0.0 1.0 0.027000 false
0.1500 0.3300 0.4500 0.0 0.0 1.0 0.027000 false
0.1500 0.3600 0.0300 0.0 0.0 1.0 0.027000 false
0.1500 0.3600 0.0600 0.0 0.0 1.0 0.027000 false
0.1500 0.3600 0.0900 0.0 0.0 1.0 0.027000 false
0.1500 0.3600 0.1200 0.0 0.0 1.0 0.027000 false
0.1500 0.3600 0.1500 0.0 0.0 1.0 0.027000 false
0.1500 0.3600 0.1800 0.0 0.0 1.0 0.027000 false
0.1500 0.3600 0.2100 0.0 0.0 1.0 0.027000 false
0.1500 0.3600 0.2400 0.0 0.0 1.0 0.027000 false
0.1500 0.3600 0.2700 0.0 0.0 1.0 0.027000 false
0.1500 0.3600 0.3000 0.0 0.0 1.0 0.027000 false
0.1500 0.3600 0.3300 0.0 0.0 1.0 0.027000 false
0.1500 0.3600 0.3600 0.0 0.0 1.0 0.027000 false
0.1500 0.3600 0.3900 0.0 0.0 1.0 0.027000 false
0.1500 0.3600 0.4200 0.0 0.0 1.0 0.027000 false
0.1500 0.3600 0.4500 0.0 0.0 1.0 0.027000 false
0.1500 0.3900 0.0300 0.0 0.0 1.0 0.027000 false
0.1500 0.3900 0.0600 0.0 0.0 1.0 0.027000 false
0.1500 0.3900 0.0900 0.0 0.0 1.0 0.027000 false
0.1500 0.3900 0.1200 0.0 0.0 1.0 0.027000 false
0.1500 0.3900 0.1500 0.0 0.0 1.0 0.027000 false
0.1500 0.3900 0.1800 0.0 0.0 1.0 0.027000 false
0.1500 0.3900 0.2100 0.0 0.0 1.0 0.027000 false
0.1500 0.3900 0.2400 0.0 0.0 1.0 0.027000 false
0.1500 0.3900 0.2700 0.0 0.0 1.0 0.027000 false
0.1500 0.3900 0.3000 0.0 0.0 1.0 0.027000 false
0.1500 0.3900 0.3300 0.0 0.0 1.0 0.027000 false
0.1500 0.3900 0.3600 0.0 0.0 1.0 0.027000 false
0.1500 0.3900 0.3900 0.0 0.0 1.0 0.027000 false
0.1500 0.3900 0.4200 0.0 0.0 1.0 0.027000 false
0.1500 0.3900 0.4500 0.0 0.0 1.0 0.027000 false
0.1500 0.4200 0.0300 0.0 0.0 1.0 0.027000 false
0.1500 0.4200 0.0600 0.0 0.0 1.0 0.027000 false
0.1500 0.4200 0.0900 0.0 0.0 1.0 0.027000 false
0.1500 0.4200 0.1200 0.0 0.0 1.0 0.027000 false
0.1500 0.4200 0.1500 0.0 0.0 1.0 0.027000 false
0.1500 0.4200 0.1800 0.0 0.0 1.0 0.027000 false
0.1500 0.4200 0.2100 0.0 0.0 1.0 0.027000 false
0.1500 0.4200 0.2400 0.0 0.0 1.0 0.027000 false
0.1500 0.4200 0.2700 0.0 0.0 1.0 0.027000 false
0.1500 0.4200 0.3000 0.0 0.0 1.0 0.027000 false
0.1500 0.4200 0.3300 0.0 0.0 1.0 0.027000 false
0.1500 0.4200 0.3600 0.0 0.0 1.0 0.027000 false
0.1500 0.4200 0.3900 0.0 0.0 1.0 0.027000 false
0.1500 0.4200 0.4200 0.0 0.0 1.0 0.027000 false
0.1500 0.4200 0.4500 0.0 0.0 1.0 0.027000 false
0.1500 0.4500 0.0300 0.0 0.0 1.0 0.027000 false
0.1500 0.4500 0.0600 0.0 0.0 1.0 0.027000 false
0.1500 0.4500 0.0900 0.0 0.0 1.0 0.027000 false
0.1500 0.4500 0.1200 0.0 0.0 1.0 0.027000 false
0.1500 0.4500 0.1500 0.0 0.0 1.0 0.027000 false
0.1500 0.4500 0.1800 0.0 0.0 1.0 0.027000 false
0.1500 0.4500 0.2100 0.0 0.0 1.0 0.027000 false
0.1500 0.4500 0.2400 0.0 0.0 1.0 0.027000 false
0.1500 0.4500 0.2700 0.0 0.0 1.0 0.027000 false
0.1500 0.4500 0.3000 0.0 0.0 1.0 0.027000 false
0.1500 0.4500 0.3300 0.0 0.0 1.0 0.027000 false
0.1500 0.4500 0.3600 0.0 0.0 1.0 0.027000 false
0.1500 0.4500 0.3900 0.0 0.0 1.0 0.027000 false
0.1500 0.4500 0.4200 0.0 0.0 1.0 0.027000 false
0.1500 0.4500 0.4500 0.0 0.0 1.0 0.027000 false
0.1800 0.0300 0.0300 0.0 0.0 1.0 0.027000 false
0.1800 0.0300 0.0600 0.0 0.0 1.0 0.027000 false
0.1800 0.0300 0.0900 0.0 0.0 1.0 0.027000 false
0.1800 0.0300 0.1200 0.0 0.0 1.0 0.027000 false
0.1800 0.0300 0.1500 0.0 0.0 1.0 0.027000 false
0.1800 0.0300 0.1800 0.0 0.0 1.0 0.027000 false
0.1800 0.0300 0.2100 0.0 0.0 1.0 0.027000 false
0.1800 0.0300 0.2400 0.0 0.0 1.0 0.027000 false
0.1800 0.0300 0.2700 0.0 0.0 1.0 0.027000 false
0.1800 0.0300 0.3000 0.0 0.0 1.0 0.027000 false
0.1800 0.0300 0.3300 0.0 0.0 1.0 0.027000 false
0.1800 0.0300 0.3600 0.0 0.0 1.0 0.027000 false
0.1800 0.0300 0.3900 0.0 0.0 1.0 0.027000 false
0.1800 0.0300 0.4200 0.0 0.0 1.0 0.027000 false
0.1800 0.0300 0.4500 0.0 0.0 1.0 0.027000 false
0.1800 0.0600 0.0300 0.0 0.0 1.0 0.027000 false
0.1800 0.0600 0.0600 0.0 0.0 1.0 0.027000 false
0.1800 0.0600 0.0900 0.0 0.0 1.0 0.027000 false
0.1800 0.0600 0.1200 0.0 0.0 1.0 0.027000 false
0.1800 0.0600 0.1500 0.0 0.0 1.0 0.027000 false
0.1800 0.0600 0.1800 0.0 0.0 1.0 0.027000 false
0.1800 0.0600 0.2100 0.0 0.0 1.0 0.027000 false
0.1800 0.0600 0.2400 0.0 0.0 1.0 0.027000 false
0.1800 0.0600 0.2700 0.0 0.0 1.0 0.027000 false
0.1800 0.0600 0.3000 0.0 0.0 1.0 0.027000 false
0.1800 0.0600 0.3300 0.0 0.0 1.0 0.027000 false
0.1800 0.0600 0.3600 0.0 0.0 1.0 0.027000 false
0.1800 0.0600 0.3900 0.0 0.0 1.0 0.027000 false
0.1800 0.0600 0.4200 0.0 0.0 1.0 0.027000 false
0.1800 0.0600 0.4500 0.0 0.0 1.0 0.027000 false
0.1800 0.0900 0.0300 0.0 0.0 1.0 0.027000 false
0.1800 0.0900 0.0600 0.0 0.0 1.0 0.027000 false
0.1800 0.0900 0.0900 0.0 0.0 1.0 0.027000 false
0.1800 0.0900 0.1200 0.0 0.0 1.0 0.027000 false
0.1800 0.0900 0.1500 0.0 0.0 1.0 0.027000 false
0.1800 0.0900 0.1800 0.0 0.0 1.0 0.027000 false
0.1800 0.0900 0.2100 0.0 0.0 1.0 0.027000 false
0.1800 0.0900 0.2400 0.0 0.0 1.0 0.027000 false
0.1800 0.0900 0.2700 0.0 0.0 1.0 0.027000 false
0.1800 0.0900 0.3000 0.0 0.0 1.0 0.027000 false
0.1800 0.0900 0.3300 0.0 0.0 1.0 0.027000 false
0.1800 0.0900 0.3600 0.0 0.0 1.0 0.027000 false
0.1800 0.0900 0.3900 0.0 0.0 1.0 0.027000 false
0.1800 0.0900 0.4200 0.0 0.0 1.0 0.027000 false
0.1800 0.0900 0.4500 0.0 0.0 1.0 0.027000 false
0.1800 0.1200 0.0300 0.0 0.0 1.0 0.027000 false
0.1800 0.1200 0.0600 0.0 0.0 1.0 0.027000 false
0.1800 0.1200 0.0900 0.0 0.0 1.0 0.027000 false
0.1800 0.1200 0.1200 0.0 0.0 1.0 0.027000 false
0.1800 0.1200 0.1500 0.0 0.0 1.0 0.027000 false
0.1800 0.1200 0.1800 0.0 0.0 1.0 0.027000 false
0.1800 0.1200 0.2100 0.0 0.0 1.0 0.027000 false
0.1800 0.1200 0.2400 0.0 0.0 1.0 0.027000 false
0.1800 0.1200 0.2700 0.0 0.0 1.0 0.027000 false
0.1800 0.1200 0.3000 0.0 0.0 1.0 0.027000 false
0.1800 0.1200 0.3300 0.0 0.0 1.0 0.027000 false
0.1800 0.1200 0.3600 0.0 0.0 1.0 0.027000 false
0.1800 0.1200 0.3900 0.0 0.0 1.0 0.027000 false
0.1800 0.1200 0.4200 0.0 0.0 1.0 0.027000 false
0.1800 0.1200 0.4500 0.0 0.0 1.0 0.027000 false
0.1800 0.1500 0.0300 0.0 0.0 1.0 0.027000 false
0.1800 0.1500 0.0600 0.0 0.0 1.0 0.027000 false
0.1800 0.1500 0.0900 0.0 0.0 1.0 0.027000 false
0.1800 0.1500 0.1200 0.0 0.0 1.0 0.027000 false
0.1800 0.1500 0.1500 0.0 0.0 1.0 0.027000 false
0.1800 0.1500 0.1800 0.0 0.0 1.0 0.027000 false
0.1800 0.1500 0.2100 0.0 0.0 1.0 0.027000 false
0.1800 0.1500 0.2400 0.0 0.0 1.0 0.027000 false
0.1800 0.1500 0.2700 0.0 0.0 1.0 0.027000 false
0.1800 0.1500 0.3000 0.0 0.0 1.0 0.027000 false
0.1800 0.1500 0.3300 0.0 0.0 1.0 0.027000 false
0.1800 0.1500 0.3600 0.0 0.0 1.0 0.027000 false
0.1800 0.1500 0.3900 0.0 0.0 1.0 0.027000 false
0.1800 0.1500 0.4200 0.0 0.0 1.0 0.027000 false
0.1800 0.1500 0.4500 0.0 0.0 1.0 0.027000 false
0.1800 0.1800 0.0300 0.0 0.0 1.0 0.027000 false
0.1800 0.1800 0.0600 0.0 0.0 1.0 0.027000 false
0.1800 0.1800 0.0900 0.0 0.0 1.0 0.027000 false
0.1800 0.1800 0.1200 0.0 0.0 1.0 0.027000 false
0.1800 0.1800 0.1500 0.0 0.0 1.0 0.027000 false
0.1800 0.1800 0.1800 0.0 0.0 1.0 0.027000 false
0.1800 0.1800 0.2100 0.0 0.0 1.0 0.027000 false
0.1800 0.1800 0.2400 0.0 0.0 1.0 0.027000 false
0.1800 0.1800 0.2700 0.0 0.0 1.0 0.027000 false
0.1800 0.1800 0.3000 0.0 0.0 1.0 0.027000 false
0.1800 0.1800 0.3300 0.0 0.0 1.0 0.027000 false
0.1800 0.1800 0.3600 0.0 0.0 1.0 0.027000 false
0.1800 0.1800 0.3900 0.0 0.0 1.0 0.027000 false
0.1800 0.1800 0.4200 0.0 0.0 1.0 0.027000 false
0.1800 0.1800 0.4500 0.0 0.0 1.0 0.027000 false
0.1800 0.2100 0.0300 0.0 0.0 1.0 0.027000 false
0.1800 0.2100 0.0600 0.0 0.0 1.0 0.027000 false
0.1800 0.2100 0.0900 0.0 0.0 1.0 0.027000 false
0.1800 0.2100 0.1200 0.0 0.0 1.0 0.027000 false
0.1800 0.2100 0.1500 0.0 0.0 1.0 0.027000 false
0.1800 0.2100 0.1800 0.0 0.0 1.0 0.027000 false
0.1800 0.2100 0.2100 0.0 0.0 1.0 0.027000 false
0.1800 0.2100 0.2400 0.0 0.0 1.0 0.027000 false
0.1800 0.2100 0.2700 0.0 0.0 1.0 0.027000 false
0.1800 0.2100 0.3000 0.0 0.0 1.0 0.027000 false
0.1800 0.2100 0.3300 0.0 0.0 1.0 0.027000 false
0.1800 0.2100 0.3600 0.0 0.0 1.0 0.027000 false
0.1800 0.2100 0.3900 0.0 0.0 1.0 0.027000 false
0.1800 0.2100 0.4200 0.0 0.0 1.0 0.027000 false
0.1800 0.2100 0.4500 0.0 0.0 1.0 0.027000 false
0.1800 0.2400 0.0300 0.0 0.0 1.0 0.027000 false
0.1800 0.2400 0.0600 0.0 0.0 1.0 0.027000 false
0.1800 0.2400 0.0900 0.0 0.0 1.0 0.027000 false
0.1800 0.2400 0.1200 0.0 0.0 1.0 0.027000 false
0.1800 0.2400 0.1500 0.0 0.0 1.0 0.027000 false
0.1800 0.2400 0.1800 0.0 0.0 1.0 0.027000 false
0.1800 0.2400 0.2100 0.0 0.0 1.0 0.027000 false
0.1800 0.2400 0.2400 0.0 0.0 1.0 0.027000 false
0.1800 0.2400 0.2700 0.0 0.0 1.0 0.027000 false
0.1800 0.2400 0.3000 0.0 0.0 1.0 0.027000 false
0.1800 0.2400 0.3300 0.0 0.0 1.0 0.027000 false
0.1800 0.2400 0.3600 0.0 0.0 1.0 0.027000 false
0.1800 0.2400 0.3900 0.0 0.0 1.0 0.027000 false
0.1800 0.2400 0.4200 0.0 0.0 1.0 0.027000 false
0.1800 0.2400 0.4500 0.0 0.0 1.0 0.027000 false
0.1800 0.2700 0.0300 0.0 0.0 1.0 0.027000 false
0.1800 0.2700 0.0600 0.0 0.0 1.0 0.027000 false
0.1800 0.2700 0.0900 0.0 0.0 1.0 0.027000 false
0.1800 0.2700 0.1200 0.0 0.0 1.0 0.027000 false
0.1800 0.2700 0.1500 0.0 0.0 1.0 0.027000 false
0.1800 0.2700 0.1800 0.0 0.0 1.0 0.027000 false
0.1800 0.2700 0.2100 0.0 0.0 1.0 0.027000 false
0.1800 0.2700 0.2400 0.0 0.0 1.0 0.027000 false
0.1800 0.2700 0.2700 0.0 0.0 1.0 0.027000 false
0.1800 0.2700 0.3000 0.0 0.0 1.0 0.027000 false
0.1800 0.2700 0.3300 0.0 0.0 1.0 0.027000 false
0.1800 0.2700 0.3600 0.0 0.0 1.0 0.027000 false
0.1800 0.2700 0.3900 0.0 0.0 1.0 0.027000 false
0.1800 0.2700 0.4200 0.0 0.0 1.0 0.027000 false
0.1800 0.2700 0.4500 0.0 0.0 1.0 0.027000 false
0.1800 0.3000 0.0300 0.0 0.0 1.0 0.027000 false
0.1800 0.3000 0.0600 0.0 0.0 1.0 0.027000 false
0.1800 0.3000 0.0900 0.0 0.0 1.0 0.027000 false
0.1800 0.3000 0.1200 0.0 0.0 1.0 0.027000 false
0.1800 0.3000 0.1500 0.0 0.0 1.0 0.027000 false
0.1800 0.3000 0.1800 0.0 0.0 1.0 0.027000 false
0.1800 0.3000 0.2100 0.0 0.0 1.0 0.027000 false
0.1800 0.3000 0.2400 0.0 0.0 1.0 0.027000 false
0.1800 0.3000 0.2700 0.0 0.0 1.0 0.027000 false
0.1800 0.3000 0.3000 0.0 0.0 1.0 0.027000 false
0.1800 0.3000 0.3300 0.0 0.0 1.0 0.027000 false
0.1800 0.3000 0.3600 0.0 0.0 1.0 0.027000 false
0.1800 0.3000 0.3900 0.0 0.0 1.0 0.027000 false
0.1800 0.3000 0.4200 0.0 0.0 1.0 0.027000 false
0.1800 0.3000 0.4500 0.0 0.0 1.0 0.027000 false
0.1800 0.3300 0.0300 0.0 0.0 1.0 0.027000 false
0.1800 0.3300 0.0600 0.0 0.0 1.0 0.027000 false
0.1800 0.3300 0.0900 0.0 0.0 1.0 0.027000 false
0.1800 0.3300 0.1200 0.0 0.0 1.0 0.027000 false
0.1800 0.3300 0.1500 0.0 0.0 1.0 0.027000 false
0.1800 0.3300 0.1800 0.0 0.0 1.0 0.027000 false
0.1800 0.3300 0.2100 0.0 0.0 1.0 0.027000 false
0.1800 0.3300 0.2400 0.0 0.0 1.0 0.027000 false
0.1800 0.3300 0.2700 0.0 0.0 1.0 0.027000 false
0.1800 0.3300 0.3000 0.0 0.0 1.0 0.027000 false
0.1800 0.3300 0.3300 0.0 0.0 1.0 0.027000 false
0.1800 0.3300 0.3600 0.0 0.0 1.0 0.027000 false
0.1800 0.3300 0.3900 0.0 0.0 1.0 0.027000 false
0.1800 0.3300 0.4200 0.0 0.0 1.0 0.027000 false
0.1800 0.3300 0.4500 0.0 0.0 1.0 0.027000 false
0.1800 0.3600 0.0300 0.0 0.0 1.0 0.027000 false
0.1800 0.3600 0.0600 0.0 0.0 1.0 0.027000 false
0.1800 0.3600 0.0900 0.0 0.0 1.0 0.027000 false
0.1800 0.3600 0.1200 0.0 0.0 1.0 0.027000 false
0.1800 0.3600 0.1500 0.0 0.0 1.0 0.027000 false
0.1800 0.3600 0.1800 0.0 0.0 1.0 0.027000 false
0.1800 0.3600 0.2100 0.0 0.0 1.0 0.027000 false
0.1800 0.3600 0.2400 0.0 0.0 1.0 0.027000 false
0.1800 0.3600 0.2700 0.0 0.0 1.0 0.027000 false
0.1800 0.3600 0.3000 0.0 0.0 1.0 0.027000 false
0.1800 0.3600 0.3300 0.0 0.0 1.0 0.027000 false
0.1800 0.3600 0.3600 0.0 0.0 1.0 0.027000 false
0.1800 0.3600 0.3900 0.0 0.0 1.0 0.027000 false
0.1800 0.3600 0.4200 0.0 0.0 1.0 0.027000 false
0.1800 0.3600 0.4500 0.0 0.0 1.0 0.027000 false
0.1800 0.3900 0.0300 0.0 0.0 1.0 0.027000 false
0.1800 0.3900 0.0600 0.0 0.0 1.0 0.027000 false
0.1800 0.3900 0.0900 0.0 0.0 1.0 0.027000 false
0.1800 0.3900 0.1200 0.0 0.0 1.0 0.027000 false
0.1800 0.3900 0.1500 0.0 0.0 1.0 0.027000 false
0.1800 0.3900 0.1800 0.0 0.0 1.0 0.027000 false
0.1800 0.3900 0.2100 0.0 0.0 1.0 0.027000 false
0.1800 0.3900 0.2400 0.0 0.0 1.0 0.027000 false
0.1800 0.3900 0.2700 0.0 0.0 1.0 0.027000 false
0.1800 0.3900 0.3000 0.0 0.0 1.0 0.027000 false
0.1800 0.3900 0.3300 0.0 0.0 1.0 0.027000 false
0.1800 0.3900 0.3600 0.0 0.0 1.0 0.027000 false
0.1800 0.3900 0.3900 0.0 0.0 1.0 0.027000 false
0.1800 0.3900 0.4200 0.0 0.0 1.0 0.027000 false
0.1800 0.3900 0.4500 0.0 0.0 1.0 0.027000 false
0.1800 0.4200 0.0300 0.0 0.0 1.0 0.027000 false
0.1800 0.4200 0.0600 0.0 0.0 1.0 0.027000 false
0.1800 0.4200 0.0900 0.0 0.0 1.0 0.027000 false
0.1800 0.4200 0.1200 0.0 0.0 1.0 0.027000 false
0.1800 0.4200 0.1500 0.0 0.0 1.0 0.027000 false
0.1800 0.4200 0.1800 0.0 0.0 1.0 0.027000 false
0.1800 0.4200 0.2100 0.0 0.0 1.0 0.027000 false
0.1800 0.4200 0.2400 0.0 0.0 1.0 0.027000 false
0.1800 0.4200 0.2700 0.0 0.0 1.0 0.027000 false
0.1800 0.4200 0.3000 0.0 0.0 1.0 0.027000 false
0.1800 0.4200 0.3300 0.0 0.0 1.0 0.027000 false
0.1800 0.4200 0.3600 0.0 0.0 1.0 0.027000 false
0.1800 0.4200 0.3900 0.0 0.0 1.0 0.027000 false
0.1800 0.4200 0.4200 0.0 0.0 1.0 0.027000 false
0.1800 0.4200 0.4500 0.0 0.0 1.0 0.027000 false
0.1800 0.4500 0.0300 0.0 0.0 1.0 0.027000 false
0.1800 0.4500 0.0600 0.0 0.0 1.0 0.027000 false
0.1800 0.4500 0.0900 0.0 0.0 1.0 0.027000 false
0.1800 0.4500 0.1200 0.0 0.0 1.0 0.027000 false
0.1800 0.4500 0.1500 0.0 0.0 1.0 0.027000 false
0.1800 0.4500 0.1800 0.0 0.0 1.0 0.027000 false
0.1800 0.4500 0.2100 0.0 0.0 1.0 0.027000 false
0.1800 0.4500 0.2400 0.0 0.0 1.0 0.027000 false
0.1800 0.4500 0.2700 0.0 0.0 1.0 0.027000 false
0.1800 0.4500 0.3000 0.0 0.0 1.0 0.027000 false
0.1800 0.4500 0.3300 0.0 0.0 1.0 0.027000 false
0.1800 0.4500 0.3600 0.0 0.0 1.0 0.027000 false
0.1800 0.4500 0.3900 0.0 0.0 1.0 0.027000 false
0.1800 0.4500 0.4200 0.0 0.0 1.0 0.027000 false
0.1800 0.4500 0.4500 0.0 0.0 1.0 0.027000 false
0.2100 0.0300 0.0300 0.0 0.0 1.0 0.027000 false
0.2100 0.0300 0.0600 0.0 0.0 1.0 0.027000 false
0.2100 0.0300 0.0900 0.0 0.0 1.0 0.027000 false
0.2100 0.0300 0.1200 0.0 0.0 1.0 0.027000 false
0.2100 0.0300 0.1500 0.0 0.0 1.0 0.027000 false
0.2100 0.0300 0.1800 0.0 0.0 1.0 0.027000 false
0.2100 0.0300 0.2100 0.0 0.0 1.0 0.027000 false
0.2100 0.0300 0.2400 0.0 0.0 1.0 0.027000 false
0.2100 0.0300 0.2700 0.0 0.0 1.0 0.027000 false
0.2100 0.0300 0.3000 0.0 0.0 1.0 0.027000 false
0.2100 0.0300 0.3300 0.0 0.0 1.0 0.027000 false
0.2100 0.0300 0.3600 0.0 0.0 1.0 0.027000 false
0.2100 0.0300 0.3900 0.0 0.0 1.0 0.027000 false
0.2100 0.0300 0.4200 0.0 0.0 1.0 0.027000 false
0.2100 0.0300 0.4500 0.0 0.0 1.0 0.027000 false
0.2100 0.0600 0.0300 0.0 0.0 1.0 0.027000 false
0.2100 0.0600 0.0600 0.0 0.0 1.0 0.027000 false
0.2100 0.0600 0.0900 0.0 0.0 1.0 0.027000 false
0.2100 0.0600 0.1200 0.0 0.0 1.0 0.027000 false
0.2100 0.0600 0.1500 0.0 0.0 1.0 0.027000 false
0.2100 0.0600 0.1800 0.0 0.0 1.0 0.027000 false
0.2100 0.0600 0.2100 0.0 0.0 1.0 0.027000 false
0.2100 0.0600 0.2400 0.0 0.0 1.0 0.027000 false
0.2100 0.0600 0.2700 0.0 0.0 1.0 0.027000 false
0.2100 0.0600 0.3000 0.0 0.0 1.0 0.027000 false
0.2100 0.0600 0.3300 0.0 0.0 1.0 0.027000 false
0.2100 0.0600 0.3600 0.0 0.0 1.0 0.027000 false
0.2100 0.0600 0.3900 0.0 0.0 1.0 0.027000 false
0.2100 0.0600 0.4200 0.0 0.0 1.0 0.027000 false
0.2100 0.0600 0.4500 0.0 0.0 1.0 0.027000 false
0.2100 0.0900 0.0300 0.0 0.0 1.0 0.027000 false
0.2100 0.0900 0.0600 0.0 0.0 1.0 0.027000 false
0.2100 0.0900 0.0900 0.0 0.0 1.0 0.027000 false
0.2100 0.0900 0.1200 0.0 0.0 1.0 0.027000 false
0.2100 0.0900 0.1500 0.0 0.0 1.0 0.027000 false
0.2100 0.0900 0.1800 0.0 0.0 1.0 0.027000 false
0.2100 0.0900 0.2100 0.0 0.0 1.0 0.027000 false
0.2100 0.0900 0.2400 0.0 0.0 1.0 0.027000 false
0.2100 0.0900 0.2700 0.0 0.0 1.0 0.027000 false
0.2100 0.0900 0.3000 0.0 0.0 1.0 0.027000 false
0.2100 0.0900 0.3300 0.0 0.0 1.0 0.027000 false
0.2100 0.0900 0.3600 0.0 0.0 1.0 0.027000 false
0.2100 0.0900 0.3900 0.0 0.0 1.0 0.027000 false
0.2100 0.0900 0.4200 0.0 0.0 1.0 0.027000 false
0.2100 0.0900 0.4500 0.0 0.0 1.0 0.027000 false
0.2100 0.1200 0.0300 0.0 0.0 1.0 0.027000 false
0.2100 0.1200 0.0600 0.0 0.0 1.0 0.027000 false
0.2100 0.1200 0.0900 0.0 0.0 1.0 0.027000 false
0.2100 0.1200 0.1200 0.0 0.0 1.0 0.027000 false
0.2100 0.1200 0.1500 0.0 0.0 1.0 0.027000 false
0.2100 0.1200 0.1800 0.0 0.0 1.0 0.027000 false
0.2100 0.1200 0.2100 0.0 0.0 1.0 0.027000 false
0.2100 0.1200 0.2400 0.0 0.0 1.0 0.027000 false
0.2100 0.1200 0.2700 0.0 0.0 1.0 0.027000 false
0.2100 0.1200 0.3000 0.0 0.0 1.0 0.027000 false
0.2100 0.1200 0.3300 0.0 0.0 1.0 0.027000 false
0.2100 0.1200 0.3600 0.0 0.0 1.0 0.027000 false
0.2100 0.1200 0.3900 0.0 0.0 1.0 0.027000 false
0.2100 0.1200 0.4200 0.0 0.0 1.0 0.027000 false
0.2100 0.1200 0.4500 0.0 0.0 1.0 0.027000 false
0.2100 0.1500 0.0300 0.0 0.0 1.0 0.027000 false
0.2100 0.1500 0.0600 0.0 0.0 1.0 0.027000 false
0.2100 0.1500 0.0900 0.0 0.0 1.0 0.027000 false
0.2100 0.1500 0.1200 0.0 0.0 1.0 0.027000 false
0.2100 0.1500 0.1500 0.0 0.0 1.0 0.027000 false
0.2100 0.1500 0.1800 0.0 0.0 1.0 0.027000 false
0.2100 0.1500 0.2100 0.0 0.0 1.0 0.027000 false
0.2100 0.1500 0.2400 0.0 0.0 1.0 0.027000 false
0.2100 0.1500 0.2700 0.0 0.0 1.0 0.027000 false
0.2100 0.1500 0.3000 0.0 0.0 1.0 0.027000 false
0.2100 0.1500 0.3300 0.0 0.0 1.0 0.027000 false
0.2100 0.1500 0.3600 0.0 0.0 1.0 0.027000 false
0.2100 0.1500 0.3900 0.0 0.0 1.0 0.027000 false
0.2100 0.1500 0.4200 0.0 0.0 1.0 0.027000 false
0.2100 0.1500 0.4500 0.0 0.0 1.0 0.027000 false
0.2100 0.1800 0.0300 0.0 0.0 1.0 0.027000 false
0.2100 0.1800 0.0600 0.0 0.0 1.0 0.027000 false
0.2100 0.1800 0.0900 0.0 0.0 1.0 0.027000 false
0.2100 0.1800 0.1200 0.0 0.0 1.0 0.027000 false
0.2100 0.1800 0.1500 0.0 0.0 1.0 0.027000 false
0.2100 0.1800 0.1800 0.0 0.0 1.0 0.027000 false
0.2100 0.1800 0.2100 0.0 0.0 1.0 0.027000 false
0.2100 0.1800 0.2400 0.0 0.0 1.0 0.027000 false
0.2100 0.1800 0.2700 0.0 0.0 1.0 0.027000 false
0.2100 0.1800 0.3000 0.0 0.0 1.0 0.027000 false
0.2100 0.1800 0.3300 0.0 0.0 1.0 0.027000 false
0.2100 0.1800 0.3600 0.0 0.0 1.0 0.027000 false
0.2100 0.1800 0.3900 0.0 0.0 1.0 0.027000 false
0.2100 0.1800 0.4200 0.0 0.0 1.0 0.027000 false
0.2100 0.1800 0.4500 0.0 0.0 1.0 0.027000 false
0.2100 0.2100 0.0300 0.0 0.0 1.0 0.027000 false
0.2100 0.2100 0.0600 0.0 0.0 1.0 0.027000 false
0.2100 0.2100 0.0900 0.0 0.0 1.0 0.027000 false
0.2100 0.2100 0.1200 0.0 0.0 1.0 0.027000 false
0.2100 0.2100 0.1500 0.0 0.0 1.0 0.027000 false
0.2100 0.2100 0.1800 0.0 0.0 1.0 0.027000 false
0.2100 0.2100 0.2100 0.0 0.0 1.0 0.027000 false
0.2100 0.2100 0.2400 0.0 0.0 1.0 0.027000 false
0.2100 0.2100 0.2700 0.0 0.0 1.0 0.027000 false
0.2100 0.2100 0.3000 0.0 0.0 1.0 0.027000 false
0.2100 0.2100 0.3300 0.0 0.0 1.0 0.027000 false
0.2100 0.2100 0.3600 0.0 0.0 1.0 0.027000 false
0.2100 0.2100 0.3900 0.0 0.0 1.0 0.027000 false
0.2100 0.2100 0.4200 0.0 0.0 1.0 0.027000 false
0.2100 0.2100 0.4500 0.0 0.0 1.0 0.027000 false
0.2100 0.2400 0.0300 0.0 0.0 1.0 0.027000 false
0.2100 0.2400 0.0600 0.0 0.0 1.0 0.027000 false
0.2100 0.2400 0.0900 0.0 0.0 1.0 0.027000 false
0.2100 0.2400 0.1200 0.0 0.0 1.0 0.027000 false
0.2100 0.2400 0.1500 0.0 0.0 1.0 0.027000 false
0.2100 0.2400 0.1800 0.0 0.0 1.0 0.027000 false
0.2100 0.2400 0.2100 0.0 0.0 1.0 0.027000 false
0.2100 0.2400 0.2400 0.0 0.0 1.0 0.027000 false
0.2100 0.2400 0.2700 0.0 0.0 1.0 0.027000 false
0.2100 0.2400 0.3000 0.0 0.0 1.0 0.027000 false
0.2100 0.2400 0.3300 0.0 0.0 1.0 0.027000 false
0.2100 0.2400 0.3600 0.0 0.0 1.0 0.027000 false
0.2100 0.2400 0.3900 0.0 0.0 1.0 0.027000 false
0.2100 0.2400 0.4200 0.0 0.0 1.0 0.027000 false
0.2100 0.2400 0.4500 0.0 0.0 1.0 0.027000 false
0.2100 0.2700 0.0300 0.0 0.0 1.0 0.027000 false
0.2100 0.2700 0.0600 0.0 0.0 1.0 0.027000 false
0.2100 0.2700 0.0900 0.0 0.0 1.0 0.027000 false
0.2100 0.2700 0.1200 0.0 0.0 1.0 0.027000 false
0.2100 0.2700 0.1500 0.0 0.0 1.0 0.027000 false
0.2100 0.2700 0.1800 0.0 0.0 1.0 0.027000 false
0.2100 0.2700 0.2100 0.0 0.0 1.0 0.027000 false
0.2100 0.2700 0.2400 0.0 0.0 1.0 0.027000 false
0.2100 0.2700 0.2700 0.0 0.0 1.0 0.027000 false
0.2100 0.2700 0.3000 0.0 0.0 1.0 0.027000 false
0.2100 0.2700 0.3300 0.0 0.0 1.0 0.027000 false
0.2100 0.2700 0.3600 0.0 0.0 1.0 0.027000 false
0.2100 0.2700 0.3900 0.0 0.0 1.0 0.027000 false
0.2100 0.2700 0.4200 0.0 0.0 1.0 0.027000 false
0.2100 0.2700 0.4500 0.0 0.0 1.0 0.027000 false
0.2100 0.3000 0.0300 0.0 0.0 1.0 0.027000 false
0.2100 0.3000 0.0600 0.0 0.0 1.0 0.027000 false
0.2100 0.3000 0.0900 0.0 0.0 1.0 0.027000 false
0.2100 0.3000 0.1200 0.0 0.0 1.0 0.027000 false
0.2100 0.3000 0.1500 0.0 0.0 1.0 0.027000 false
0.2100 0.3000 0.1800 0.0 0.0 1.0 0.027000 false
0.2100 0.3000 0.2100 0.0 0.0 1.0 0.027000 false
0.2100 0.3000 0.2400 0.0 0.0 1.0 0.027000 false
0.2100 0.3000 0.2700 0.0 0.0 1.0 0.027000 false
0.2100 0.3000 0.3000 0.0 0.0 1.0 0.027000 false
0.2100 0.3000 0.3300 0.0 0.0 1.0 0.027000 false
0.2100 0.3000 0.3600 0.0 0.0 1.0 0.027000 false
0.2100 0.3000 0.3900 0.0 0.0 1.0 0.027000 false
0.2100 0.3000 0.4200 0.0 0.0 1.0 0.027000 false
0.2100 0.3000 0.4500 0.0 0.0 1.0 0.027000 false
0.2100 0.3300 0.0300 0.0 0.0 1.0 0.027000 false
0.2100 0.3300 0.0600 0.0 0.0 1.0 0.027000 false
0.2100 0.3300 0.0900 0.0 0.0 1.0 0.027000 false
0.2100 0.3300 0.1200 0.0 0.0 1.0 0.027000 false
0.2100 0.3300 0.1500 0.0 0.0 1.0 0.027000 false
0.2100 0.3300 0.1800 0.0 0.0 1.0 0.027000 false
0.2100 0.3300 0.2100 0.0 0.0 1.0 0.027000 false
0.2100 0.3300 0.2400 0.0 0.0 1.0 0.027000 false
0.2100 0.3300 0.2700 0.0 0.0 1.0 0.027000 false
0.2100 0.3300 0.3000 0.0 0.0 1.0 0.027000 false
0.2100 0.3300 0.3300 0.0 0.0 1.0 0.027000 false
0.2100 0.3300 0.3600 0.0 0.0 1.0 0.027000 false
0.2100 0.3300 0.3900 0.0 0.0 1.0 0.027000 false
0.2100 0.3300 0.4200 0.0 0.0 1.0 0.027000 false
0.2100 0.3300 0.4500 0.0 0.0 1.0 0.027000 false
0.2100 0.3600 0.0300 0.0 0.0 1.0 0.027000 false
0.2100 0.3600 0.0600 0.0 0.0 1.0 0.027000 false
0.2100 0.3600 0.0900 0.0 0.0 1.0 0.027000 false
0.2100 0.3600 0.1200 0.0 0.0 1.0 0.027000 false
0.2100 0.3600 0.1500 0.0 0.0 1.0 0.027000 false
0.2100 0.3600 0.1800 0.0 0.0 1.0 0.027000 false
0.2100 0.3600 0.2100 0.0 0.0 1.0 0.027000 false
0.2100 0.3600 0.2400 0.0 0.0 1.0 0.027000 false
0.2100 0.3600 0.2700 0.0 0.0 1.0 0.027000 false
0.2100 0.3600 0.3000 0.0 0.0 1.0 0.027000 false
0.2100 0.3600 0.3300 0.0 0.0 1.0 0.027000 false
0.2100 0.3600 0.3600 0.0 0.0 1.0 0.027000 false
0.2100 0.3600 0.3900 0.0 0.0 1.0 0.027000 false
0.2100 0.3600 0.4200 0.0 0.0 1.0 0.027000 false
0.2100 0.3600 0.4500 0.0 0.0 1.0 0.027000 false
0.2100 0.3900 0.0300 0.0 0.0 1.0 0.027000 false
0.2100 0.3900 0.0600 0.0 0.0 1.0 0.027000 false
0.2100 0.3900 0.0900 0.0 0.0 1.0 0.027000 false
0.2100 0.3900 0.1200 0.0 0.0 1.0 0.027000 false
0.2100 0.3900 0.1500 0.0 0.0 1.0 0.027000 false
0.2100 0.3900 0.1800 0.0 0.0 1.0 0.027000 false
0.2100 0.3900 0.2100 0.0 0.0 1.0 0.027000 false
0.2100 0.3900 0.2400 0.0 0.0 1.0 0.027000 false
0.2100 0.3900 0.2700 0.0 0.0 1.0 0.027000 false
0.2100 0.3900 0.3000 0.0 0.0 1.0 0.027000 false
0.2100 0.3900 0.3300 0.0 0.0 1.0 0.027000 false
0.2100 0.3900 0.3600 0.0 0.0 1.0 0.027000 false
0.2100 0.3900 0.3900 0.0 0.0 1.0 0.027000 false
0.2100 0.3900 0.4200 0.0 0.0 1.0 0.027000 false
0.2100 0.3900 0.4500 0.0 0.0 1.0 0.027000 false
0.2100 0.4200 0.0300 0.0 0.0 1.0 0.027000 false
0.2100 0.4200 0.0600 0.0 0.0 1.0 0.027000 false
0.2100 0.4200 0.0900 0.0 0.0 1.0 0.027000 false
0.2100 0.4200 0.1200 0.0 0.0 1.0 0.027000 false
0.2100 0.4200 0.1500 0.0 0.0 1.0 0.027000 false
0.2100 0.4200 0.1800 0.0 0.0 1.0 0.027000 false
0.2100 0.4200 0.2100 0.0 0.0 1.0 0.027000 false
0.2100 0.4200 0.2400 0.0 0.0 1.0 0.027000 false
0.2100 0.4200 0.2700 0.0 0.0 1.0 0.027000 false
0.2100 0.4200 0.3000 0.0 0.0 1.0 0.027000 false
0.2100 0.4200 0.3300 0.0 0.0 1.0 0.027000 false
0.2100 0.4200 0.3600 0.0 0.0 1.0 0.027000 false
0.2100 0.4200 0.3900 0.0 0.0 1.0 0.027000 false
0.2100 0.4200 0.4200 0.0 0.0 1.0 0.027000 false
0.2100 0.4200 0.4500 0.0 0.0 1.0 0.027000 false
0.2100 0.4500 0.0300 0.0 0.0 1.0 0.027000 false
0.2100 0.4500 0.0600 0.0 0.0 1.0 0.027000 false
0.2100 0.4500 0.0900 0.0 0.0 1.0 0.027000 false
0.2100 0.4500 0.1200 0.0 0.0 1.0 0.027000 false
0.2100 0.4500 0.1500 0.0 0.0 1.0 0.027000 false
0.2100 0.4500 0.1800 0.0 0.0 1.0 0.027000 false
0.2100 0.4500 0.2100 0.0 0.0 1.0 0.027000 false
0.2100 0.4500 0.2400 0.0 0.0 1.0 0.027000 false
0.2100 0.4500 0.2700 0.0 0.0 1.0 0.027000 false
0.2100 0.4500 0.3000 0.0 0.0 1.0 0.027000 false
0.2100 0.4500 0.3300 0.0 0.0 1.0 0.027000 false
0.2100 0.4500 0.3600 0.0 0.0 1.0 0.027000 false
0.2100 0.4500 0.3900 0.0 0.0 1.0 0.027000 false
0.2100 0.4500 0.4200 0.0 0.0 1.0 0.027000 false
0.2100 0.4500 0.4500 0.0 0.0 1.0 0.027000 false
0.2400 0.0300 0.0300 0.0 0.0 1.0 0.027000 false
0.2400 0.0300 0.0600 0.0 0.0 1.0 0.027000 false
0.2400 0.0300 0.0900 0.0 0.0 1.0 0.027000 false
0.2400 0.0300 0.1200 0.0 0.0 1.0 0.027000 false
0.2400 0.0300 0.1500 0.0 0.0 1.0 0.027000 false
0.2400 0.0300 0.1800 0.0 0.0 1.0 0.027000 false
0.2400 0.0300 0.2100 0.0 0.0 1.0 0.027000 false
0.2400 0.0300 0.2400 0.0 0.0 1.0 0.027000 false
0.2400 0.0300 0.2700 0.0 0.0 1.0 0.027000 false
0.2400 0.0300 0.3000 0.0 0.0 1.0 0.027000 false
0.2400 0.0300 0.3300 0.0 0.0 1.0 0.027000 false
0.2400 0.0300 0.3600 0.0 0.0 1.0 0.027000 false
0.2400 0.0300 0.3900 0.0 0.0 1.0 0.027000 false
0.2400 0.0300 0.4200 0.0 0.0 1.0 0.027000 false
0.2400 0.0300 0.4500 0.0 0.0 1.0 0.027000 false
0.2400 0.0600 0.0300 0.0 0.0 1.0 0.027000 false
0.2400 0.0600 0.0600 0.0 0.0 1.0 0.027000 false
0.2400 0.0600 0.0900 0.0 0.0 1.0 0.027000 false
0.2400 0.0600 0.1200 0.0 0.0 1.0 0.027000 false
0.2400 0.0600 0.1500 0.0 0.0 1.0 0.027000 false
0.2400 0.0600 0.1800 0.0 0.0 1.0 0.027000 false
0.2400 0.0600 0.2100 0.0 0.0 1.0 0.027000 false
0.2400 0.0600 0.2400 0.0 0.0 1.0 0.027000 false
0.2400 0.0600 0.2700 0.0 0.0 1.0 0.027000 false
0.2400 0.0600 0.3000 0.0 0.0 1.0 0.027000 false
0.2400 0.0600 0.3300 0.0 0.0 1.0 0.027000 false
0.2400 0.0600 0.3600 0.0 0.0 1.0 0.027000 false
0.2400 0.0600 0.3900 0.0 0.0 1.0 0.027000 false
0.2400 0.0600 0.4200 0.0 0.0 1.0 0.027000 false
0.2400 0.0600 0.4500 0.0 0.0 1.0 0.027000 false
0.2400 0.0900 0.0300 0.0 0.0 1.0 0.027000 false
0.2400 0.0900 0.0600 0.0 0.0 1.0 0.027000 false
0.2400 0.0900 0.0900 0.0 0.0 1.0 0.027000 false
0.2400 0.0900 0.1200 0.0 0.0 1.0 0.027000 false
0.2400 0.0900 0.1500 0.0 0.0 1.0 0.027000 false
0.2400 0.0900 0.1800 0.0 0.0 1.0 0.027000 false
0.2400 0.0900 0.2100 0.0 0.0 1.0 0.027000 false
0.2400 0.0900 0.2400 0.0 0.0 1.0 0.027000 false
0.2400 0.0900 0.2700 0.0 0.0 1.0 0.027000 false
0.2400 0.0900 0.3000 0.0 0.0 1.0 0.027000 false
0.2400 0.0900 0.3300 0.0 0.0 1.0 0.027000 false
0.2400 0.0900 0.3600 0.0 0.0 1.0 0.027000 false
0.2400 0.0900 0.3900 0.0 0.0 1.0 0.027000 false
0.2400 0.0900 0.4200 0.0 0.0 1.0 0.027000 false
0.2400 0.0900 0.4500 0.0 0.0 1.0 0.027000 false
0.2400 0.1200 0.0300 0.0 0.0 1.0 0.027000 false
0.2400 0.1200 0.0600 0.0 0.0 1.0 0.027000 false
0.2400 0.1200 0.0900 0.0 0.0 1.0 0.027000 false
0.2400 0.1200 0.1200 0.0 0.0 1.0 0.027000 false
0.2400 0.1200 0.1500 0.0 0.0 1.0 0.027000 false
0.2400 0.1200 0.1800 0.0 0.0 1.0 0.027000 false
0.2400 0.1200 0.2100 0.0 0.0 1.0 0.027000 false
0.2400 0.1200 0.2400 0.0 0.0 1.0 0.027000 false
0.2400 0.1200 0.2700 0.0 0.0 1.0 0.027000 false
0.2400 0.1200 0.3000 0.0 0.0 1.0 0.027000 false
0.2400 0.1200 0.3300 0.0 0.0 1.0 0.027000 false
0.2400 0.1200 0.3600 0.0 0.0 1.0 0.027000 false
0.2400 0.1200 0.3900 0.0 0.0 1.0 0.027000 false
0.2400 0.1200 0.4200 0.0 0.0 1.0 0.027000 false
0.2400 0.1200 0.4500 0.0 0.0 1.0 0.027000 false
0.2400 0.1500 0.0300 0.0 0.0 1.0 0.027000 false
0.2400 0.1500 0.0600 0.0 0.0 1.0 0.027000 false
0.2400 0.1500 0.0900 0.0 0.0 1.0 0.027000 false
0.2400 0.1500 0.1200 0.0 0.0 1.0 0.027000 false
0.2400 0.1500 0.1500 0.0 0.0 1.0 0.027000 false
0.2400 0.1500 0.1800 0.0 0.0 1.0 0.027000 false
0.2400 0.1500 0.2100 0.0 0.0 1.0 0.027000 false
0.2400 0.1500 0.2400 0.0 0.0 1.0 0.027000 false
0.2400 0.1500 0.2700 0.0 0.0 1.0 0.027000 false
0.2400 0.1500 0.3000 0.0 0.0 1.0 0.027000 false
0.2400 0.1500 0.3300 0.0 0.0 1.0 0.027000 false
0.2400 0.1500 0.3600 0.0 0.0 1.0 0.027000 false
0.2400 0.1500 0.3900 0.0 0.0 1.0 0.027000 false
0.2400 0.1500 0.4200 0.0 0.0 1.0 0.027000 false
0.2400 0.1500 0.4500 0.0 0.0 1.0 0.027000 false
0.2400 0.1800 0.0300 0.0 0.0 1.0 0.027000 false
0.2400 0.1800 0.0600 0.0 0.0 1.0 0.027000 false
0.2400 0.1800 0.0900 0.0 0.0 1.0 0.027000 false
0.2400 0.1800 0.1200 0.0 0.0 1.0 0.027000 false
0.2400 0.1800 0.1500 0.0 0.0 1.0 0.027000 false
0.2400 0.1800 0.1800 0.0 0.0 1.0 0.027000 false
0.2400 0.1800 0.2100 0.0 0.0 1.0 0.027000 false
0.2400 0.1800 0.2400 0.0 0.0 1.0 0.027000 false
0.2400 0.1800 0.2700 0.0 0.0 1.0 0.027000 false
0.2400 0.1800 0.3000 0.0 0.0 1.0 0.027000 false
0.2400 0.1800 0.3300 0.0 0.0 1.0 0.027000 false
0.2400 0.1800 0.3600 0.0 0.0 1.0 0.027000 false
0.2400 0.1800 0.3900 0.0 0.0 1.0 0.027000 false
0.2400 0.1800 0.4200 0.0 0.0 1.0 0.027000 false
0.2400 0.1800 0.4500 0.0 0.0 1.0 0.027000 false
0.2400 0.2100 0.0300 0.0 0.0 1.0 0.027000 false
0.2400 0.2100 0.0600 0.0 0.0 1.0 0.027000 false
0.2400 0.2100 0.0900 0.0 0.0 1.0 0.027000 false
0.2400 0.2100 0.1200 0.0 0.0 1.0 0.027000 false
0.2400 0.2100 0.1500 0.0 0.0 1.0 0.027000 false
0.2400 0.2100 0.1800 0.0 0.0 1.0 0.027000 false
0.2400 0.2100 0.2100 0.0 0.0 1.0 0.027000 false
0.2400 0.2100 0.2400 0.0 0.0 1.0 0.027000 false
0.2400 0.2100 0.2700 0.0 0.0 1.0 0.027000 false
0.2400 0.2100 0.3000 0.0 0.0 1.0 0.027000 false
0.2400 0.2100 0.3300 0.0 0.0 1.0 0.027000 false
0.2400 0.2100 0.3600 0.0 0.0 1.0 0.027000 false
0.2400 0.2100 0.3900 0.0 0.0 1.0 0.027000 false
0.2400 0.2100 0.4200 0.0 0.0 1.0 0.027000 false
0.2400 0.2100 0.4500 0.0 0.0 1.0 0.027000 false
0.2400 0.2400 0.0300 0.0 0.0 1.0 0.027000 false
0.2400 0.2400 0.0600 0.0 0.0 1.0 0.027000 false
0.2400 0.2400 0.0900 0.0 0.0 1.0 0.027000 false
0.2400 0.2400 0.1200 0.0 0.0 1.0 0.027000 false
0.2400 0.2400 0.1500 0.0 0.0 1.0 0.027000 false
0.2400 0.2400 0.1800 0.0 0.0 1.0 0.027000 false
0.2400 0.2400 0.2100 0.0 0.0 1.0 0.027000 false
0.2400 0.2400 0.2400 0.0 0.0 1.0 0.027000 false
0.2400 0.2400 0.2700 0.0 0.0 1.0 0.027000 false
0.2400 0.2400 0.3000 0.0 0.0 1.0 0.027000 false
0.2400 0.2400 0.3300 0.0 0.0 1.0 0.027000 false
0.2400 0.2400 0.3600 0.0 0.0 1.0 0.027000 false
0.2400 0.2400 0.3900 0.0 0.0 1.0 0.027000 false
0.2400 0.2400 0.4200 0.0 0.0 1.0 0.027000 false
0.2400 0.2400 0.4500 0.0 0.0 1.0 0.027000 false
0.2400 0.2700 0.0300 0.0 0.0 1.0 0.027000 false
0.2400 0.2700 0.0600 0.0 0.0 1.0 0.027000 false
0.2400 0.2700 0.0900 0.0 0.0 1.0 0.027000 false
0.2400 0.2700 0.1200 0.0 0.0 1.0 0.027000 false
0.2400 0.2700 0.1500 0.0 0.0 1.0 0.027000 false
0.2400 0.2700 0.1800 0.0 0.0 1.0 0.027000 false
0.2400 0.2700 0.2100 0.0 0.0 1.0 0.027000 false
0.2400 0.2700 0.2400 0.0 0.0 1.0 0.027000 false
0.2400 0.2700 0.2700 0.0 0.0 1.0 0.027000 false
0.2400 0.2700 0.3000 0.0 0.0 1.0 0.027000 false
0.2400 0.2700 0.3300 0.0 0.0 1.0 0.027000 false
0.2400 0.2700 0.3600 0.0 0.0 1.0 0.027000 false
0.2400 0.2700 0.3900 0.0 0.0 1.0 0.027000 false
0.2400 0.2700 0.4200 0.0 0.0 1.0 0.027000 false
0.2400 0.2700 0.4500 0.0 0.0 1.0 0.027000 false
0.2400 0.3000 0.0300 0.0 0.0 1.0 0.027000 false
0.2400 0.3000 0.0600 0.0 0.0 1.0 0.027000 false
0.2400 0.3000 0.0900 0.0 0.0 1.0 0.027000 false
0.2400 0.3000 0.1200 0.0 0.0 1.0 0.027000 false
0.2400 0.3000 0.1500 0.0 0.0 1.0 0.027000 false
0.2400 0.3000 0.1800 0.0 0.0 1.0 0.027000 false
0.2400 0.3000 0.2100 0.0 0.0 1.0 0.027000 false
0.2400 0.3000 0.2400 0.0 0.0 1.0 0.027000 false
0.2400 0.3000 0.2700 0.0 0.0 1.0 0.027000 false
0.2400 0.3000 0.3000 0.0 0.0 1.0 0.027000 false
0.2400 0.3000 0.3300 0.0 0.0 1.0 0.027000 false
0.2400 0.3000 0.3600 0.0 0.0 1.0 0.027000 false
0.2400 0.3000 0.3900 0.0 0.0 1.0 0.027000 false
0.2400 0.3000 0.4200 0.0 0.0 1.0 0.027000 false
0.2400 0.3000 0.4500 0.0 0.0 1.0 0.027000 false
0.2400 0.3300 0.0300 0.0 0.0 1.0 0.027000 false
0.2400 0.3300 0.0600 0.0 0.0 1.0 0.027000 false
0.2400 0.3300 0.0900 0.0 0.0 1.0 0.027000 false
0.2400 0.3300 0.1200 0.0 0.0 1.0 0.027000 false
0.2400 0.3300 0.1500 0.0 0.0 1.0 0.027000 false
0.2400 0.3300 0.1800 0.0 0.0 1.0 0.027000 false
0.2400 0.3300 0.2100 0.0 0.0 1.0 0.027000 false
0.2400 0.3300 0.2400 0.0 0.0 1.0 0.027000 false
0.2400 0.3300 0.2700 0.0 0.0 1.0 0.027000 false
0.2400 0.3300 0.3000 0.0 0.0 1.0 0.027000 false
0.2400 0.3300 0.3300 0.0 0.0 1.0 0.027000 false
0.2400 0.3300 0.3600 0.0 0.0 1.0 0.027000 false
0.2400 0.3300 0.3900 0.0 0.0 1.0 0.027000 false
0.2400 0.3300 0.4200 0.0 0.0 1.0 0.027000 false
0.2400 0.3300 0.4500 0.0 0.0 1.0 0.027000 false
0.2400 0.3600 0.0300 0.0 0.0 1.0 0.027000 false
0.2400 0.3600 0.0600 0.0 0.0 1.0 0.027000 false
0.2400 0.3600 0.0900 0.0 0.0 1.0 0.027000 false
0.2400 0.3600 0.1200 0.0 0.0 1.0 0.027000 false
0.2400 0.3600 0.1500 0.0 0.0 1.0 0.027000 false
0.2400 0.3600 0.1800 0.0 0.0 1.0 0.027000 false
0.2400 0.3600 0.2100 0.0 0.0 1.0 0.027000 false
0.2400 0.3600 0.2400 0.0 0.0 1.0 0.027000 false
0.2400 0.3600 0.2700 0.0 0.0 1.0 0.027000 false
0.2400 0.3600 0.3000 0.0 0.0 1.0 0.027000 false
0.2400 0.3600 0.3300 0.0 0.0 1.0 0.027000 false
0.2400 0.3600 0.3600 0.0 0.0 1.0 0.027000 false
0.2400 0.3600 0.3900 0.0 0.0 1.0 0.027000 false
0.2400 0.3600 0.4200 0.0 0.0 1.0 0.027000 false
0.2400 0.3600 0.4500 0.0 0.0 1.0 0.027000 false
0.2400 0.3900 0.0300 0.0 0.0 1.0 0.027000 false
0.2400 0.3900 0.0600 0.0 0.0 1.0 0.027000 false
0.2400 0.3900 0.0900 0.0 0.0 1.0 0.027000 false
0.2400 0.3900 0.1200 0.0 0.0 1.0 0.027000 false
0.2400 0.3900 0.1500 0.0 0.0 1.0 0.027000 false
0.2400 0.3900 0.1800 0.0 0.0 1.0 0.027000 false
0.2400 0.3900 0.2100 0.0 0.0 1.0 0.027000 false
0.2400 0.3900 0.2400 0.0 0.0 1.0 0.027000 false
0.2400 0.3900 0.2700 0.0 0.0 1.0 0.027000 false
0.2400 0.3900 0.3000 0.0 0.0 1.0 0.027000 false
0.2400 0.3900 0.3300 0.0 0.0 1.0 0.027000 false
0.2400 0.3900 0.3600 0.0 0.0 1.0 0.027000 false
0.2400 0.3900 0.3900 0.0 0.0 1.0 0.027000 false
0.2400 0.3900 0.4200 0.0 0.0 1.0 0.027000 false
0.2400 0.3900 0.4500 0.0 0.0 1.0 0.027000 false
0.2400 0.4200 0.0300 0.0 0.0 1.0 0.027000 false
0.2400 0.4200 0.0600 0.0 0.0 1.0 0.027000 false
0.2400 0.4200 0.0900 0.0 0.0 1.0 0.027000 false
0.2400 0.4200 0.1200 0.0 0.0 1.0 0.027000 false
0.2400 0.4200 0.1500 0.0 0.0 1.0 0.027000 false
0.2400 0.4200 0.1800 0.0 0.0 1.0 0.027000 false
0.2400 0.4200 0.2100 0.0 0.0 1.0 0.027000 false
0.2400 0.4200 0.2400 0.0 0.0 1.0 0.027000 false
0.2400 0.4200 0.2700 0.0 0.0 1.0 0.027000 false
0.2400 0.4200 0.3000 0.0 0.0 1.0 0.027000 false
0.2400 0.4200 0.3300 0.0 0.0 1.0 0.027000 false
0.2400 0.4200 0.3600 0.0 0.0 1.0 0.027000 false
0.2400 0.4200 0.3900 0.0 0.0 1.0 0.027000 false
0.2400 0.4200 0.4200 0.0 0.0 1.0 0.027000 false
0.2400 0.4200 0.4500 0.0 0.0 1.0 0.027000 false
0.2400 0.4500 0.0300 0.0 0.0 1.0 0.027000 false
0.2400 0.4500 0.0600 0.0 0.0 1.0 0.027000 false
0.2400 0.4500 0.0900 0.0 0.0 1.0 0.027000 false
0.2400 0.4500 0.1200 0.0 0.0 1.0 0.027000 false
0.2400 0.4500 0.1500 0.0 0.0 1.0 0.027000 false
0.2400 0.4500 0.1800 0.0 0.0 1.0 0.027000 false
0.2400 0.4500 0.2100 0.0 0.0 1.0 0.027000 false
0.2400 0.4500 0.2400 0.0 0.0 1.0 0.027000 false
0.2400 0.4500 0.2700 0.0 0.0 1.0 0.027000 false
0.2400 0.4500 0.3000 0.0 0.0 1.0 0.027000 false
0.2400 0.4500 0.3300 0.0 0.0 1.0 0.027000 false
0.2400 0.4500 0.3600 0.0 0.0 1.0 0.027000 false
0.2400 0.4500 0.3900 0.0 0.0 1.0 0.027000 false
0.2400 0.4500 0.4200 0.0 0.0 1.0 0.027000 false
0.2400 0.4500 0.4500 0.0 0.0 1.0 0.027000 false
0.2700 0.0300 0.0300 0.0 0.0 1.0 0.027000 false
0.2700 0.0300 0.0600 0.0 0.0 1.0 0.027000 false
0.2700 0.0300 0.0900 0.0 0.0 1.0 0.027000 false
0.2700 0.0300 0.1200 0.0 0.0 1.0 0.027000 false
0.2700 0.0300 0.1500 0.0 0.0 1.0 0.027000 false
0.2700 0.0300 0.1800 0.0 0.0 1.0 0.027000 false
0.2700 0.0300 0.2100 0.0 0.0 1.0 0.027000 false
0.2700 0.0300 0.2400 0.0 0.0 1.0 0.027000 false
0.2700 0.0300 0.2700 0.0 0.0 1.0 0.027000 false
0.2700 0.0300 0.3000 0.0 0.0 1.0 0.027000 false
0.2700 0.0300 0.3300 0.0 0.0 1.0 0.027000 false
0.2700 0.0300 0.3600 0.0 0.0 1.0 0.027000 false
0.2700 0.0300 0.3900 0.0 0.0 1.0 0.027000 false
0.2700 0.0300 0.4200 0.0 0.0 1.0 0.027000 false
0.2700 0.0300 0.4500 0.0 0.0 1.0 0.027000 false
0.2700 0.0600 0.0300 0.0 0.0 1.0 0.027000 false
0.2700 0.0600 0.0600 0.0 0.0 1.0 0.027000 false
0.2700 0.0600 0.0900 0.0 0.0 1.0 0.027000 false
0.2700 0.0600 0.1200 0.0 0.0 1.0 0.027000 false
0.2700 0.0600 0.1500 0.0 0.0 1.0 0.027000 false
0.2700 0.0600 0.1800 0.0 0.0 1.0 0.027000 false
0.2700 0.0600 0.2100 0.0 0.0 1.0 0.027000 false
0.2700 0.0600 0.2400 0.0 0.0 1.0 0.027000 false
0.2700 0.0600 0.2700 0.0 0.0 1.0 0.027000 false
0.2700 0.0600 0.3000 0.0 0.0 1.0 0.027000 false
0.2700 0.0600 0.3300 0.0 0.0 1.0 0.027000 false
0.2700 0.0600 0.3600 0.0 0.0 1.0 0.027000 false
0.2700 0.0600 0.3900 0.0 0.0 1.0 0.027000 false
0.2700 0.0600 0.4200 0.0 0.0 1.0 0.027000 false
0.2700 0.0600 0.4500 0.0 0.0 1.0 0.027000 false
0.2700 0.0900 0.0300 0.0 0.0 1.0 0.027000 false
0.2700 0.0900 0.0600 0.0 0.0 1.0 0.027000 false
0.2700 0.0900 0.0900 0.0 0.0 1.0 0.027000 false
0.2700 0.0900 0.1200 0.0 0.0 1.0 0.027000 false
0.2700 0.0900 0.1500 0.0 0.0 1.0 0.027000 false
0.2700 0.0900 0.1800 0.0 0.0 1.0 0.027000 false
0.2700 0.0900 0.2100 0.0 0.0 1.0 0.027000 false
0.2700 0.0900 0.2400 0.0 0.0 1.0 0.027000 false
0.2700 0.0900 0.2700 0.0 0.0 1.0 0.027000 false
0.2700 0.0900 0.3000 0.0 0.0 1.0 0.027000 false
0.2700 0.0900 0.3300 0.0 0.0 1.0 0.027000 false
0.2700 0.0900 0.3600 0.0 0.0 1.0 0.027000 false
0.2700 0.0900 0.3900 0.0 0.0 1.0 0.027000 false
0.2700 0.0900 0.4200 0.0 0.0 1.0 0.027000 false
0.2700 0.0900 0.4500 0.0 0.0 1.0 0.027000 false
0.2700 0.1200 0.0300 0.0 0.0 1.0 0.027000 false
0.2700 0.1200 0.0600 0.0 0.0 1.0 0.027000 false
0.2700 0.1200 0.0900 0.0 0.0 1.0 0.027000 false
0.2700 0.1200 0.1200 0.0 0.0 1.0 0.027000 false
0.2700 0.1200 0.1500 0.0 0.0 1.0 0.027000 false
0.2700 0.1200 0.1800 0.0 0.0 1.0 0.027000 false
0.2700 0.1200 0.2100 0.0 0.0 1.0 0.027000 false
0.2700 0.1200 0.2400 0.0 0.0 1.0 0.027000 false
0.2700 0.1200 0.2700 0.0 0.0 1.0 0.027000 false
0.2700 0.1200 0.3000 0.0 0.0 1.0 0.027000 false
0.2700 0.1200 0.3300 0.0 0.0 1.0 0.027000 false
0.2700 0.1200 0.3600 0.0 0.0 1.0 0.027000 false
0.2700 0.1200 0.3900 0.0 0.0 1.0 0.027000 false
0.2700 0.1200 0.4200 0.0 0.0 1.0 0.027000 false
0.2700 0.1200 0.4500 0.0 0.0 1.0 0.027000 false
0.2700 0.1500 0.0300 0.0 0.0 1.0 0.027000 false
0.2700 0.1500 0.0600 0.0 0.0 1.0 0.027000 false
0.2700 0.1500 0.0900 0.0 0.0 1.0 0.027000 false
0.2700 0.1500 0.1200 0.0 0.0 1.0 0.027000 false
0.2700 0.1500 0.1500 0.0 0.0 1.0 0.027000 false
0.2700 0.1500 0.1800 0.0 0.0 1.0 0.027000 false
0.2700 0.1500 0.2100 0.0 0.0 1.0 0.027000 false
0.2700 0.1500 0.2400 0.0 0.0 1.0 0.027000 false
0.2700 0.1500 0.2700 0.0 0.0 1.0 0.027000 false
0.2700 0.1500 0.3000 0.0 0.0 1.0 0.027000 false
0.2700 0.1500 0.3300 0.0 0.0 1.0 0.027000 false
0.2700 0.1500 0.3600 0.0 0.0 1.0 0.027000 false
0.2700 0.1500 0.3900 0.0 0.0 1.0 0.027000 false
0.2700 0.1500 0.4200 0.0 0.0 1.0 0.027000 false
0.2700 0.1500 0.4500 0.0 0.0 1.0 0.027000 false
0.2700 0.1800 0.0300 0.0 0.0 1.0 0.027000 false
0.2700 0.1800 0.0600 0.0 0.0 1.0 0.027000 false
0.2700 0.1800 0.0900 0.0 0.0 1.0 0.027000 false
0.2700 0.1800 0.1200 0.0 0.0 1.0 0.027000 false
0.2700 0.1800 0.1500 0.0 0.0 1.0 0.027000 false
0.2700 0.1800 0.1800 0.0 0.0 1.0 0.027000 false
0.2700 0.1800 0.2100 0.0 0.0 1.0 0.027000 false
0.2700 0.1800 0.2400 0.0 0.0 1.0 0.027000 false
0.2700 0.1800 0.2700 0.0 0.0 1.0 0.027000 false
0.2700 0.1800 0.3000 0.0 0.0 1.0 0.027000 false
0.2700 0.1800 0.3300 0.0 0.0 1.0 0.027000 false
0.2700 0.1800 0.3600 0.0 0.0 1.0 0.027000 false
0.2700 0.1800 0.3900 0.0 0.0 1.0 0.027000 false
0.2700 0.1800 0.4200 0.0 0.0 1.0 0.027000 false
0.2700 0.1800 0.4500 0.0 0.0 1.0 0.027000 false
0.2700 0.2100 0.0300 0.0 0.0 1.0 0.027000 false
0.2700 0.2100 0.0600 0.0 0.0 1.0 0.027000 false
0.2700 0.2100 0.0900 0.0 0.0 1.0 0.027000 false
0.2700 0.2100 0.1200 0.0 0.0 1.0 0.027000 false
0.2700 0.2100 0.1500 0.0 0.0 1.0 0.027000 false
0.2700 0.2100 0.1800 0.0 0.0 1.0 0.027000 false
0.2700 0.2100 0.2100 0.0 0.0 1.0 0.027000 false
0.2700 0.2100 0.2400 0.0 0.0 1.0 0.027000 false
0.2700 0.2100 0.2700 0.0 0.0 1.0 0.027000 false
0.2700 0.2100 0.3000 0.0 0.0 1.0 0.027000 false
0.2700 0.2100 0.3300 0.0 0.0 1.0 0.027000 false
0.2700 0.2100 0.3600 0.0 0.0 1.0 0.027000 false
0.2700 0.2100 0.3900 0.0 0.0 1.0 0.027000 false
0.2700 0.2100 0.4200 0.0 0.0 1.0 0.027000 false
0.2700 0.2100 0.4500 0.0 0.0 1.0 0.027000 false
0.2700 0.2400 0.0300 0.0 0.0 1.0 0.027000 false
0.2700 0.2400 0.0600 0.0 0.0 1.0 0.027000 false
0.2700 0.2400 0.0900 0.0 0.0 1.0 0.027000 false
0.2700 0.2400 0.1200 0.0 0.0 1.0 0.027000 false
0.2700 0.2400 0.1500 0.0 0.0 1.0 0.027000 false
0.2700 0.2400 0.1800 0.0 0.0 1.0 0.027000 false
0.2700 0.2400 0.2100 0.0 0.0 1.0 0.027000 false
0.2700 0.2400 0.2400 0.0 0.0 1.0 0.027000 false
0.2700 0.2400 0.2700 0.0 0.0 1.0 0.027000 false
0.2700 0.2400 0.3000 0.0 0.0 1.0 0.027000 false
0.2700 0.2400 0.3300 0.0 0.0 1.0 0.027000 false
0.2700 0.2400 0.3600 0.0 0.0 1.0 0.027000 false
0.2700 0.2400 0.3900 0.0 0.0 1.0 0.027000 false
0.2700 0.2400 0.4200 0.0 0.0 1.0 0.027000 false
0.2700 0.2400 0.4500 0.0 0.0 1.0 0.027000 false
0.2700 0.2700 0.0300 0.0 0.0 1.0 0.027000 false
0.2700 0.2700 0.0600 0.0 0.0 1.0 0.027000 false
0.2700 0.2700 0.0900 0.0 0.0 1.0 0.027000 false
0.2700 0.2700 0.1200 0.0 0.0 1.0 0.027000 false
0.2700 0.2700 0.1500 0.0 0.0 1.0 0.027000 false
0.2700 0.2700 0.1800 0.0 0.0 1.0 0.027000 false
0.2700 0.2700 0.2100 0.0 0.0 1.0 0.027000 false
0.2700 0.2700 0.2400 0.0 0.0 1.0 0.027000 false
0.2700 0.2700 0.2700 0.0 0.0 1.0 0.027000 false
0.2700 0.2700 0.3000 0.0 0.0 1.0 0.027000 false
0.2700 0.2700 0.3300 0.0 0.0 1.0 0.027000 false
0.2700 0.2700 0.3600 0.0 0.0 1.0 0.027000 false
0.2700 0.2700 0.3900 0.0 0.0 1.0 0.027000 false
0.2700 0.2700 0.4200 0.0 0.0 1.0 0.027000 false
0.2700 0.2700 0.4500 0.0 0.0 1.0 0.027000 false
0.2700 0.3000 0.0300 0.0 0.0 1.0 0.027000 false
0.2700 0.3000 0.0600 0.0 0.0 1.0 0.027000 false
0.2700 0.3000 0.0900 0.0 0.0 1.0 0.027000 false
0.2700 0.3000 0.1200 0.0 0.0 1.0 0.027000 false
0.2700 0.3000 0.1500 0.0 0.0 1.0 0.027000 false
0.2700 0.3000 0.1800 0.0 0.0 1.0 0.027000 false
0.2700 0.3000 0.2100 0.0 0.0 1.0 0.027000 false
0.2700 0.3000 0.2400 0.0 0.0 1.0 0.027000 false
0.2700 0.3000 0.2700 0.0 0.0 1.0 0.027000 false
0.2700 0.3000 0.3000 0.0 0.0 1.0 0.027000 false
0.2700 0.3000 0.3300 0.0 0.0 1.0 0.027000 false
0.2700 0.3000 0.3600 0.0 0.0 1.0 0.027000 false
0.2700 0.3000 0.3900 0.0 0.0 1.0 0.027000 false
0.2700 0.3000 0.4200 0.0 0.0 1.0 0.027000 false
0.2700 0.3000 0.4500 0.0 0.0 1.0 0.027000 false
0.2700 0.3300 0.0300 0.0 0.0 1.0 0.027000 false
0.2700 0.3300 0.0600 0.0 0.0 1.0 0.027000 false
0.2700 0.3300 0.0900 0.0 0.0 1.0 0.027000 false
0.2700 0.3300 0.1200 0.0 0.0 1.0 0.027000 false
0.2700 0.3300 0.1500 0.0 0.0 1.0 0.027000 false
0.2700 0.3300 0.1800 0.0 0.0 1.0 0.027000 false
0.2700 0.3300 0.2100 0.0 0.0 1.0 0.027000 false
0.2700 0.3300 0.2400 0.0 0.0 1.0 0.027000 false
0.2700 0.3300 0.2700 0.0 0.0 1.0 0.027000 false
0.2700 0.3300 0.3000 0.0 0.0 1.0 0.027000 false
0.2700 0.3300 0.3300 0.0 0.0 1.0 0.027000 false
0.2700 0.3300 0.3600 0.0 0.0 1.0 0.027000 false
0.2700 0.3300 0.3900 0.0 0.0 1.0 0.027000 false
0.2700 0.3300 0.4200 0.0 0.0 1.0 0.027000 false
0.2700 0.3300 0.4500 0.0 0.0 1.0 0.027000 false
0.2700 0.3600 0.0300 0.0 0.0 1.0 0.027000 false
0.2700 0.3600 0.0600 0.0 0.0 1.0 0.027000 false
0.2700 0.3600 0.0900 0.0 0.0 1.0 0.027000 false
0.2700 0.3600 0.1200 0.0 0.0 1.0 0.027000 false
0.2700 0.3600 0.1500 0.0 0.0 1.0 0.027000 false
0.2700 0.3600 0.1800 0.0 0.0 1.0 0.027000 false
0.2700 0.3600 0.2100 0.0 0.0 1.0 0.027000 false
0.2700 0.3600 0.2400 0.0 0.0 1.0 0.027000 false
0.2700 0.3600 0.2700 0.0 0.0 1.0 0.027000 false
0.2700 0.3600 0.3000 0.0 0.0 1.0 0.027000 false
0.2700 0.3600 0.3300 0.0 0.0 1.0 0.027000 false
0.2700 0.3600 0.3600 0.0 0.0 1.0 0.027000 false
0.2700 0.3600 0.3900 0.0 0.0 1.0 0.027000 false
0.2700 0.3600 0.4200 0.0 0.0 1.0 0.027000 false
0.2700 0.3600 0.4500 0.0 0.0 1.0 0.027000 false
0.2700 0.3900 0.0300 0.0 0.0 1.0 0.027000 false
0.2700 0.3900 0.0600 0.0 0.0 1.0 0.027000 false
0.2700 0.3900 0.0900 0.0 0.0 1.0 0.027000 false
0.2700 0.3900 0.1200 0.0 0.0 1.0 0.027000 false
0.2700 0.3900 0.1500 0.0 0.0 1.0 0.027000 false
0.2700 0.3900 0.1800 0.0 0.0 1.0 0.027000 false
0.2700 0.3900 0.2100 0.0 0.0 1.0 0.027000 false
0.2700 0.3900 0.2400 0.0 0.0 1.0 0.027000 false
0.2700 0.3900 0.2700 0.0 0.0 1.0 0.027000 false
0.2700 0.3900 0.3000 0.0 0.0 1.0 0.027000 false
0.2700 0.3900 0.3300 0.0 0.0 1.0 0.027000 false
0.2700 0.3900 0.3600 0.0 0.0 1.0 0.027000 false
0.2700 0.3900 0.3900 0.0 0.0 1.0 0.027000 false
0.2700 0.3900 0.4200 0.0 0.0 1.0 0.027000 false
0.2700 0.3900 0.4500 0.0 0.0 1.0 0.027000 false
0.2700 0.4200 0.0300 0.0 0.0 1.0 0.027000 false
0.2700 0.4200 0.0600 0.0 0.0 1.0 0.027000 false
0.2700 0.4200 0.0900 0.0 0.0 1.0 0.027000 false
0.2700 0.4200 0.1200 0.0 0.0 1.0 0.027000 false
0.2700 0.4200 0.1500 0.0 0.0 1.0 0.027000 false
0.2700 0.4200 0.1800 0.0 0.0 1.0 0.027000 false
0.2700 0.4200 0.2100 0.0 0.0 1.0 0.027000 false
0.2700 0.4200 0.2400 0.0 0.0 1.0 0.027000 false
0.2700 0.4200 0.2700 0.0 0.0 1.0 0.027000 false
0.2700 0.4200 0.3000 0.0 0.0 1.0 0.027000 false
0.2700 0.4200 0.3300 0.0 0.0 1.0 0.027000 false
0.2700 0.4200 0.3600 0.0 0.0 1.0 0.027000 false
0.2700 0.4200 0.3900 0.0 0.0 1.0 0.027000 false
0.2700 0.4200 0.4200 0.0 0.0 1.0 0.027000 false
0.2700 0.4200 0.4500 0.0 0.0 1.0 0.027000 false
0.2700 0.4500 0.0300 0.0 0.0 1.0 0.027000 false
0.2700 0.4500 0.0600 0.0 0.0 1.0 0.027000 false
0.2700 0.4500 0.0900 0.0 0.0 1.0 0.027000 false
0.2700 0.4500 0.1200 0.0 0.0 1.0 0.027000 false
0.2700 0.4500 0.1500 0.0 0.0 1.0 0.027000 false
0.2700 0.4500 0.1800 0.0 0.0 1.0 0.027000 false
0.2700 0.4500 0.2100 0.0 0.0 1.0 0.027000 false
0.2700 0.4500 0.2400 0.0 0.0 1.0 0.027000 false
0.2700 0.4500 0.2700 0.0 0.0 1.0 0.027000 false
0.2700 0.4500 0.3000 0.0 0.0 1.0 0.027000 false
0.2700 0.4500 0.3300 0.0 0.0 1.0 0.027000 false
0.2700 0.4500 0.3600 0.0 0.0 1.0 0.027000 false
0.2700 0.4500 0.3900 0.0 0.0 1.0 0.027000 false
0.2700 0.4500 0.4200 0.0 0.0 1.0 0.027000 false
0.2700 0.4500 0.4500 0.0 0.0 1.0 0.027000 false
0.3000 0.0300 0.0300 0.0 0.0 1.0 0.027000 false
0.3000 0.0300 0.0600 0.0 0.0 1.0 0.027000 false
0.3000 0.0300 0.0900 0.0 0.0 1.0 0.027000 false
0.3000 0.0300 0.1200 0.0 0.0 1.0 0.027000 false
0.3000 0.0300 0.1500 0.0 0.0 1.0 0.027000 false
0.3000 0.0300 0.1800 0.0 0.0 1.0 0.027000 false
0.3000 0.0300 0.2100 0.0 0.0 1.0 0.027000 false
0.3000 0.0300 0.2400 0.0 0.0 1.0 0.027000 false
0.3000 0.0300 0.2700 0.0 0.0 1.0 0.027000 false
0.3000 0.0300 0.3000 0.0 0.0 1.0 0.027000 false
0.3000 0.0300 0.3300 0.0 0.0 1.0 0.027000 false
0.3000 0.0300 0.3600 0.0 0.0 1.0 0.027000 false
0.3000 0.0300 0.3900 0.0 0.0 1.0 0.027000 false
0.3000 0.0300 0.4200 0.0 0.0 1.0 0.027000 false
0.3000 0.0300 0.4500 0.0 0.0 1.0 0.027000 false
0.3000 0.0600 0.0300 0.0 0.0 1.0 0.027000 false
0.3000 0.0600 0.0600 0.0 0.0 1.0 0.027000 false
0.3000 0.0600 0.0900 0.0 0.0 1.0 0.027000 false
0.3000 0.0600 0.1200 0.0 0.0 1.0 0.027000 false
0.3000 0.0600 0.1500 0.0 0.0 1.0 0.027000 false
0.3000 0.0600 0.1800 0.0 0.0 1.0 0.027000 false
0.3000 0.0600 0.2100 0.0 0.0 1.0 0.027000 false
0.3000 0.0600 0.2400 0.0 0.0 1.0 0.027000 false
0.3000 0.0600 0.2700 0.0 0.0 1.0 0.027000 false
0.3000 0.0600 0.3000 0.0 0.0 1.0 0.027000 false
0.3000 0.0600 0.3300 0.0 0.0 1.0 0.027000 false
0.3000 0.0600 0.3600 0.0 0.0 1.0 0.027000 false
0.3000 0.0600 0.3900 0.0 0.0 1.0 0.027000 false
0.3000 0.0600 0.4200 0.0 0.0 1.0 0.027000 false
0.3000 0.0600 0.4500 0.0 0.0 1.0 0.027000 false
0.3000 0.0900 0.0300 0.0 0.0 1.0 0.027000 false
0.3000 0.0900 0.0600 0.0 0.0 1.0 0.027000 false
0.3000 0.0900 0.0900 0.0 0.0 1.0 0.027000 false
0.3000 0.0900 0.1200 0.0 0.0 1.0 0.027000 false
0.3000 0.0900 0.1500 0.0 0.0 1.0 0.027000 false
0.3000 0.0900 0.1800 0.0 0.0 1.0 0.027000 false
0.3000 0.0900 0.2100 0.0 0.0 1.0 0.027000 false
0.3000 0.0900 0.2400 0.0 0.0 1.0 0.027000 false
0.3000 0.0900 0.2700 0.0 0.0 1.0 0.027000 false
0.3000 0.0900 0.3000 0.0 0.0 1.0 0.027000 false
0.3000 0.0900 0.3300 0.0 0.0 1.0 0.027000 false
0.3000 0.0900 0.3600 0.0 0.0 1.0 0.027000 false
0.3000 0.0900 0.3900 0.0 0.0 1.0 0.027000 false
0.3000 0.0900 0.4200 0.0 0.0 1.0 0.027000 false
0.3000 0.0900 0.4500 0.0 0.0 1.0 0.027000 false
0.3000 0.1200 0.0300 0.0 0.0 1.0 0.027000 false
0.3000 0.1200 0.0600 0.0 0.0 1.0 0.027000 false
0.3000 0.1200 0.0900 0.0 0.0 1.0 0.027000 false
0.3000 0.1200 0.1200 0.0 0.0 1.0 0.027000 false
0.3000 0.1200 0.1500 0.0 0.0 1.0 0.027000 false
0.3000 0.1200 0.1800 0.0 0.0 1.0 0.027000 false
0.3000 0.1200 0.2100 0.0 0.0 1.0 0.027000 false
0.3000 0.1200 0.2400 0.0 0.0 1.0 0.027000 false
0.3000 0.1200 0.2700 0.0 0.0 1.0 0.027000 false
0.3000 0.1200 0.3000 0.0 0.0 1.0 0.027000 false
0.3000 0.1200 0.3300 0.0 0.0 1.0 0.027000 false
0.3000 0.1200 0.3600 0.0 0.0 1.0 0.027000 false
0.3000 0.1200 0.3900 0.0 0.0 1.0 0.027000 false
0.3000 0.1200 0.4200 0.0 0.0 1.0 0.027000 false
0.3000 0.1200 0.4500 0.0 0.0 1.0 0.027000 false
0.3000 0.1500 0.0300 0.0 0.0 1.0 0.027000 false
0.3000 0.1500 0.0600 0.0 0.0 1.0 0.027000 false
0.3000 0.1500 0.0900 0.0 0.0 1.0 0.027000 false
0.3000 0.1500 0.1200 0.0 0.0 1.0 0.027000 false
0.3000 0.1500 0.1500 0.0 0.0 1.0 0.027000 false
0.3000 0.1500 0.1800 0.0 0.0 1.0 0.027000 false
0.3000 0.1500 0.2100 0.0 0.0 1.0 0.027000 false
0.3000 0.1500 0.2400 0.0 0.0 1.0 0.027000 false
0.3000 0.1500 0.2700 0.0 0.0 1.0 0.027000 false
0.3000 0.1500 0.3000 0.0 0.0 1.0 0.027000 false
0.3000 0.1500 0.3300 0.0 0.0 1.0 0.027000 false
0.3000 0.1500 0.3600 0.0 0.0 1.0 0.027000 false
0.3000 0.1500 0.3900 0.0 0.0 1.0 0.027000 false
0.3000 0.1500 0.4200 0.0 0.0 1.0 0.027000 false
0.3000 0.1500 0.4500 0.0 0.0 1.0 0.027000 false
0.3000 0.1800 0.0300 0.0 0.0 1.0 0.027000 false
0.3000 0.1800 0.0600 0.0 0.0 1.0 0.027000 false
0.3000 0.1800 0.0900 0.0 0.0 1.0 0.027000 false
0.3000 0.1800 0.1200 0.0 0.0 1.0 0.027000 false
0.3000 0.1800 0.1500 0.0 0.0 1.0 0.027000 false
0.3000 0.1800 0.1800 0.0 0.0 1.0 0.027000 false
0.3000 0.1800 0.2100 0.0 0.0 1.0 0.027000 false
0.3000 0.1800 0.2400 0.0 0.0 1.0 0.027000 false
0.3000 0.1800 0.2700 0.0 0.0 1.0 0.027000 false
0.3000 0.1800 0.3000 0.0 0.0 1.0 0.027000 false
0.3000 0.1800 0.3300 0.0 0.0 1.0 0.027000 false
0.3000 0.1800 0.3600 0.0 0.0 1.0 0.027000 false
0.3000 0.1800 0.3900 0.0 0.0 1.0 0.027000 false
0.3000 0.1800 0.4200 0.0 0.0 1.0 0.027000 false
0.3000 0.1800 0.4500 0.0 0.0 1.0 0.027000 false
0.3000 0.2100 0.0300 0.0 0.0 1.0 0.027000 false
0.3000 0.2100 0.0600 0.0 0.0 1.0 0.027000 false
0.3000 0.2100 0.0900 0.0 0.0 1.0 0.027000 false
0.3000 0.2100 0.1200 0.0 0.0 1.0 0.027000 false
0.3000 0.2100 0.1500 0.0 0.0 1.0 0.027000 false
0.3000 0.2100 0.1800 0.0 0.0 1.0 0.027000 false
0.3000 0.2100 0.2100 0.0 0.0 1.0 0.027000 false
0.3000 0.2100 0.2400 0.0 0.0 1.0 0.027000 false
0.3000 0.2100 0.2700 0.0 0.0 1.0 0.027000 false
0.3000 0.2100 0.3000 0.0 0.0 1.0 0.027000 false
0.3000 0.2100 0.3300 0.0 0.0 1.0 0.027000 false
0.3000 0.2100 0.3600 0.0 0.0 1.0 0.027000 false
0.3000 0.2100 0.3900 0.0 0.0 1.0 0.027000 false
0.3000 0.2100 0.4200 0.0 0.0 1.0 0.027000 false
0.3000 0.2100 0.4500 0.0 0.0 1.0 0.027000 false
0.3000 0.2400 0.0300 0.0 0.0 1.0 0.027000 false
0.3000 0.2400 0.0600 0.0 0.0 1.0 0.027000 false
0.3000 0.2400 0.0900 0.0 0.0 1.0 0.027000 false
0.3000 0.2400 0.1200 0.0 0.0 1.0 0.027000 false
0.3000 0.2400 0.1500 0.0 0.0 1.0 0.027000 false
0.3000 0.2400 0.1800 0.0 0.0 1.0 0.027000 false
0.3000 0.2400 0.2100 0.0 0.0 1.0 0.027000 false
0.3000 0.2400 0.2400 0.0 0.0 1.0 0.027000 false
0.3000 0.2400 0.2700 0.0 0.0 1.0 0.027000 false
0.3000 0.2400 0.3000 0.0 0.0 1.0 0.027000 false
0.3000 0.2400 0.3300 0.0 0.0 1.0 0.027000 false
0.3000 0.2400 0.3600 0.0 0.0 1.0 0.027000 false
0.3000 0.2400 0.3900 0.0 0.0 1.0 0.027000 false
0.3000 0.2400 0.4200 0.0 0.0 1.0 0.027000 false
0.3000 0.2400 0.4500 0.0 0.0 1.0 0.027000 false
0.3000 0.2700 0.0300 0.0 0.0 1.0 0.027000 false
0.3000 0.2700 0.0600 0.0 0.0 1.0 0.027000 false
0.3000 0.2700 0.0900 0.0 0.0 1.0 0.027000 false
0.3000 0.2700 0.1200 0.0 0.0 1.0 0.027000 false
0.3000 0.2700 0.1500 0.0 0.0 1.0 0.027000 false
0.3000 0.2700 0.1800 0.0 0.0 1.0 0.027000 false
0.3000 0.2700 0.2100 0.0 0.0 1.0 0.027000 false
0.3000 0.2700 0.2400 0.0 0.0 1.0 0.027000 false
0.3000 0.2700 0.2700 0.0 0.0 1.0 0.027000 false
0.3000 0.2700 0.3000 0.0 0.0 1.0 0.027000 false
0.3000 0.2700 0.3300 0.0 0.0 1.0 0.027000 false
0.3000 0.2700 0.3600 0.0 0.0 1.0 0.027000 false
0.3000 0.2700 0.3900 0.0 0.0 1.0 0.027000 false
0.3000 0.2700 0.4200 0.0 0.0 1.0 0.027000 false
0.3000 0.2700 0.4500 0.0 0.0 1.0 0.027000 false
0.3000 0.3000 0.0300 0.0 0.0 1.0 0.027000 false
0.3000 0.3000 0.0600 0.0 0.0 1.0 0.027000 false
0.3000 0.3000 0.0900 0.0 0.0 1.0 0.027000 false
0.3000 0.3000 0.1200 0.0 0.0 1.0 0.027000 false
0.3000 0.3000 0.1500 0.0 0.0 1.0 0.027000 false
0.3000 0.3000 0.1800 0.0 0.0 1.0 0.027000 false
0.3000 0.3000 0.2100 0.0 0.0 1.0 0.027000 false
0.3000 0.3000 0.2400 0.0 0.0 1.0 0.027000 false
0.3000 0.3000 0.2700 0.0 0.0 1.0 0.027000 false
0.3000 0.3000 0.3000 0.0 0.0 1.0 0.027000 false
0.3000 0.3000 0.3300 0.0 0.0 1.0 0.027000 false
0.3000 0.3000 0.3600 0.0 0.0 1.0 0.027000 false
0.3000 0.3000 0.3900 0.0 0.0 1.0 0.027000 false
0.3000 0.3000 0.4200 0.0 0.0 1.0 0.027000 false
0.3000 0.3000 0.4500 0.0 0.0 1.0 0.027000 false
0.3000 0.3300 0.0300 0.0 0.0 1.0 0.027000 false
0.3000 0.3300 0.0600 0.0 0.0 1.0 0.027000 false
0.3000 0.3300 0.0900 0.0 0.0 1.0 0.027000 false
0.3000 0.3300 0.1200 0.0 0.0 1.0 0.027000 false
0.3000 0.3300 0.1500 0.0 0.0 1.0 0.027000 false
0.3000 0.3300 0.1800 0.0 0.0 1.0 0.027000 false
0.3000 0.3300 0.2100 0.0 0.0 1.0 0.027000 false
0.3000 0.3300 0.2400 0.0 0.0 1.0 0.027000 false
0.3000 0.3300 0.2700 0.0 0.0 1.0 0.027000 false
0.3000 0.3300 0.3000 0.0 0.0 1.0 0.027000 false
0.3000 0.3300 0.3300 0.0 0.0 1.0 0.027000 false
0.3000 0.3300 0.3600 0.0 0.0 1.0 0.027000 false
0.3000 0.3300 0.3900 0.0 0.0 1.0 0.027000 false
0.3000 0.3300 0.4200 0.0 0.0 1.0 0.027000 false
0.3000 0.3300 0.4500 0.0 0.0 1.0 0.027000 false
0.3000 0.3600 0.0300 0.0 0.0 1.0 0.027000 false
0.3000 0.3600 0.0600 0.0 0.0 1.0 0.027000 false
0.3000 0.3600 0.0900 0.0 0.0 1.0 0.027000 false
0.3000 0.3600 0.1200 0.0 0.0 1.0 0.027000 false
0.3000 0.3600 0.1500 0.0 0.0 1.0 0.027000 false
0.3000 0.3600 0.1800 0.0 0.0 1.0 0.027000 false
0.3000 0.3600 0.2100 0.0 0.0 1.0 0.027000 false
0.3000 0.3600 0.2400 0.0 0.0 1.0 0.027000 false
0.3000 0.3600 0.2700 0.0 0.0 1.0 0.027000 false
0.3000 0.3600 0.3000 0.0 0.0 1.0 0.027000 false
0.3000 0.3600 0.3300 0.0 0.0 1.0 0.027000 false
0.3000 0.3600 0.3600 0.0 0.0 1.0 0.027000 false
0.3000 0.3600 0.3900 0.0 0.0 1.0 0.027000 false
0.3000 0.3600 0.4200 0.0 0.0 1.0 0.027000 false
0.3000 0.3600 0.4500 0.0 0.0 1.0 0.027000 false
0.3000 0.3900 0.0300 0.0 0.0 1.0 0.027000 false
0.3000 0.3900 0.0600 0.0 0.0 1.0 0.027000 false
0.3000 0.3900 0.0900 0.0 0.0 1.0 0.027000 false
0.3000 0.3900 0.1200 0.0 0.0 1.0 0.027000 false
0.3000 0.3900 0.1500 0.0 0.0 1.0 0.027000 false
0.3000 0.3900 0.1800 0.0 0.0 1.0 0.027000 false
0.3000 0.3900 0.2100 0.0 0.0 1.0 0.027000 false
0.3000 0.3900 0.2400 0.0 0.0 1.0 0.027000 false
0.3000 0.3900 0.2700 0.0 0.0 1.0 0.027000 false
0.3000 0.3900 0.3000 0.0 0.0 1.0 0.027000 false
0.3000 0.3900 0.3300 0.0 0.0 1.0 0.027000 false
0.3000 0.3900 0.3600 0.0 0.0 1.0 0.027000 false
0.3000 0.3900 0.3900 0.0 0.0 1.0 0.027000 false
0.3000 0.3900 0.4200 0.0 0.0 1.0 0.027000 false
0.3000 0.3900 0.4500 0.0 0.0 1.0 0.027000 false
0.3000 0.4200 0.0300 0.0 0.0 1.0 0.027000 false
0.3000 0.4200 0.0600 0.0 0.0 1.0 0.027000 false
0.3000 0.4200 0.0900 0.0 0.0 1.0 0.027000 false
0.3000 0.4200 0.1200 0.0 0.0 1.0 0.027000 false
0.3000 0.4200 0.1500 0.0 0.0 1.0 0.027000 false
0.3000 0.4200 0.1800 0.0 0.0 1.0 0.027000 false
0.3000 0.4200 0.2100 0.0 0.0 1.0 0.027000 false
0.3000 0.4200 0.2400 0.0 0.0 1.0 0.027000 false
0.3000 0.4200 0.2700 0.0 0.0 1.0 0.027000 false
0.3000 0.4200 0.3000 0.0 0.0 1.0 0.027000 false
0.3000 0.4200 0.3300 0.0 0.0 1.0 0.027000 false
0.3000 0.4200 0.3600 0.0 0.0 1.0 0.027000 false
0.3000 0.4200 0.3900 0.0 0.0 1.0 0.027000 false
0.3000 0.4200 0.4200 0.0 0.0 1.0 0.027000 false
0.3000 0.4200 0.4500 0.0 0.0 1.0 0.027000 false
0.3000 0.4500 0.0300 0.0 0.0 1.0 0.027000 false
0.3000 0.4500 0.0600 0.0 0.0 1.0 0.027000 false
0.3000 0.4500 0.0900 0.0 0.0 1.0 0.027000 false
0.3000 0.4500 0.1200 0.0 0.0 1.0 0.027000 false
0.3000 0.4500 0.1500 0.0 0.0 1.0 0.027000 false
0.3000 0.4500 0.1800 0.0 0.0 1.0 0.027000 false
0.3000 0.4500 0.2100 0.0 0.0 1.0 0.027000 false
0.3000 0.4500 0.2400 0.0 0.0 1.0 0.027000 false
0.3000 0.4500 0.2700 0.0 0.0 1.0 0.027000 false
0.3000 0.4500 0.3000 0.0 0.0 1.0 0.027000 false
0.3000 0.4500 0.3300 0.0 0.0 1.0 0.027000 false
0.3000 0.4500 0.3600 0.0 0.0 1.0 0.027000 false
0.3000 0.4500 0.3900 0.0 0.0 1.0 0.027000 false
0.3000 0.4500 0.4200 0.0 0.0 1.0 0.027000 false
0.3000 0.4500 0.4500 0.0 0.0 1.0 0.027000 false
0.3300 0.0300 0.0300 0.0 0.0 1.0 0.027000 false
0.3300 0.0300 0.0600 0.0 0.0 1.0 0.027000 false
0.3300 0.0300 0.0900 0.0 0.0 1.0 0.027000 false
0.3300 0.0300 0.1200 0.0 0.0 1.0 0.027000 false
0.3300 0.0300 0.1500 0.0 0.0 1.0 0.027000 false
0.3300 0.0300 0.1800 0.0 0.0 1.0 0.027000 false
0.3300 0.0300 0.2100 0.0 0.0 1.0 0.027000 false
0.3300 0.0300 0.2400 0.0 0.0 1.0 0.027000 false
0.3300 0.0300 0.2700 0.0 0.0 1.0 0.027000 false
0.3300 0.0300 0.3000 0.0 0.0 1.0 0.027000 false
0.3300 0.0300 0.3300 0.0 0.0 1.0 0.027000 false
0.3300 0.0300 0.3600 0.0 0.0 1.0 0.027000 false
0.3300 0.0300 0.3900 0.0 0.0 1.0 0.027000 false
0.3300 0.0300 0.4200 0.0 0.0 1.0 0.027000 false
0.3300 0.0300 0.4500 0.0 0.0 1.0 0.027000 false
0.3300 0.0600 0.0300 0.0 0.0 1.0 0.027000 false
0.3300 0.0600 0.0600 0.0 0.0 1.0 0.027000 false
0.3300 0.0600 0.0900 0.0 0.0 1.0 0.027000 false
0.3300 0.0600 0.1200 0.0 0.0 1.0 0.027000 false
0.3300 0.0600 0.1500 0.0 0.0 1.0 0.027000 false
0.3300 0.0600 0.1800 0.0 0.0 1.0 0.027000 false
0.3300 0.0600 0.2100 0.0 0.0 1.0 0.027000 false
0.3300 0.0600 0.2400 0.0 0.0 1.0 0.027000 false
0.3300 0.0600 0.2700 0.0 0.0 1.0 0.027000 false
0.3300 0.0600 0.3000 0.0 0.0 1.0 0.027000 false
0.3300 0.0600 0.3300 0.0 0.0 1.0 0.027000 false
0.3300 0.0600 0.3600 0.0 0.0 1.0 0.027000 false
0.3300 0.0600 0.3900 0.0 0.0 1.0 0.027000 false
0.3300 0.0600 0.4200 0.0 0.0 1.0 0.027000 false
0.3300 0.0600 0.4500 0.0 0.0 1.0 0.027000 false
0.3300 0.0900 0.0300 0.0 0.0 1.0 0.027000 false
0.3300 0.0900 0.0600 0.0 0.0 1.0 0.027000 false
0.3300 0.0900 0.0900 0.0 0.0 1.0 0.027000 false
0.3300 0.0900 0.1200 0.0 0.0 1.0 0.027000 false
0.3300 0.0900 0.1500 0.0 0.0 1.0 0.027000 false
0.3300 0.0900 0.1800 0.0 0.0 1.0 0.027000 false
0.3300 0.0900 0.2100 0.0 0.0 1.0 0.027000 false
0.3300 0.0900 0.2400 0.0 0.0 1.0 0.027000 false
0.3300 0.0900 0.2700 0.0 0.0 1.0 0.027000 false
0.3300 0.0900 0.3000 0.0 0.0 1.0 0.027000 false
0.3300 0.0900 0.3300 0.0 0.0 1.0 0.027000 false
0.3300 0.0900 0.3600 0.0 0.0 1.0 0.027000 false
0.3300 0.0900 0.3900 0.0 0.0 1.0 0.027000 false
0.3300 0.0900 0.4200 0.0 0.0 1.0 0.027000 false
0.3300 0.0900 0.4500 0.0 0.0 1.0 0.027000 false
0.3300 0.1200 0.0300 0.0 0.0 1.0 0.027000 false
0.3300 0.1200 0.0600 0.0 0.0 1.0 0.027000 false
0.3300 0.1200 0.0900 0.0 0.0 1.0 0.027000 false
0.3300 0.1200 0.1200 0.0 0.0 1.0 0.027000 false
0.3300 0.1200 0.1500 0.0 0.0 1.0 0.027000 false
0.3300 0.1200 0.1800 0.0 0.0 1.0 0.027000 false
0.3300 0.1200 0.2100 0.0 0.0 1.0 0.027000 false
0.3300 0.1200 0.2400 0.0 0.0 1.0 0.027000 false
0.3300 0.1200 0.2700 0.0 0.0 1.0 0.027000 false
0.3300 0.1200 0.3000 0.0 0.0 1.0 0.027000 false
0.3300 0.1200 0.3300 0.0 0.0 1.0 0.027000 false
0.3300 0.1200 0.3600 0.0 0.0 1.0 0.027000 false
0.3300 0.1200 0.3900 0.0 0.0 1.0 0.027000 false
0.3300 0.1200 0.4200 0.0 0.0 1.0 0.027000 false
0.3300 0.1200 0.4500 0.0 0.0 1.0 0.027000 false
0.3300 0.1500 0.0300 0.0 0.0 1.0 0.027000 false
0.3300 0.1500 0.0600 0.0 0.0 1.0 0.027000 false
0.3300 0.1500 0.0900 0.0 0.0 1.0 0.027000 false
0.3300 0.1500 0.1200 0.0 0.0 1.0 0.027000 false
0.3300 0.1500 0.1500 0.0 0.0 1.0 0.027000 false
0.3300 0.1500 0.1800 0.0 0.0 1.0 0.027000 false
0.3300 0.1500 0.2100 0.0 0.0 1.0 0.027000 false
0.3300 0.1500 0.2400 0.0 0.0 1.0 0.027000 false
0.3300 0.1500 0.2700 0.0 0.0 1.0 0.027000 false
0.3300 0.1500 0.3000 0.0 0.0 1.0 0.027000 false
0.3300 0.1500 0.3300 0.0 0.0 1.0 0.027000 false
0.3300 0.1500 0.3600 0.0 0.0 1.0 0.027000 false
0.3300 0.1500 0.3900 0.0 0.0 1.0 0.027000 false
0.3300 0.1500 0.4200 0.0 0.0 1.0 0.027000 false
0.3300 0.1500 0.4500 0.0 0.0 1.0 0.027000 false
0.3300 0.1800 0.0300 0.0 0.0 1.0 0.027000 false
0.3300 0.1800 0.0600 0.0 0.0 1.0 0.027000 false
0.3300 0.1800 0.0900 0.0 0.0 1.0 0.027000 false
0.3300 0.1800 0.1200 0.0 0.0 1.0 0.027000 false
0.3300 0.1800 0.1500 0.0 0.0 1.0 0.027000 false
0.3300 0.1800 0.1800 0.0 0.0 1.0 0.027000 false
0.3300 0.1800 0.2100 0.0 0.0 1.0 0.027000 false
0.3300 0.1800 0.2400 0.0 0.0 1.0 0.027000 false
0.3300 0.1800 0.2700 0.0 0.0 1.0 0.027000 false
0.3300 0.1800 0.3000 0.0 0.0 1.0 0.027000 false
0.3300 0.1800 0.3300 0.0 0.0 1.0 0.027000 false
0.3300 0.1800 0.3600 0.0 0.0 1.0 0.027000 false
0.3300 0.1800 0.3900 0.0 0.0 1.0 0.027000 false
0.3300 0.1800 0.4200 0.0 0.0 1.0 0.027000 false
0.3300 0.1800 0.4500 0.0 0.0 1.0 0.027000 false
0.3300 0.2100 0.0300 0.0 0.0 1.0 0.027000 false
0.3300 0.2100 0.0600 0.0 0.0 1.0 0.027000 false
0.3300 0.2100 0.0900 0.0 0.0 1.0 0.027000 false
0.3300 0.2100 0.1200 0.0 0.0 1.0 0.027000 false
0.3300 0.2100 0.1500 0.0 0.0 1.0 0.027000 false
0.3300 0.2100 0.1800 0.0 0.0 1.0 0.027000 false
0.3300 0.2100 0.2100 0.0 0.0 1.0 0.027000 false
0.3300 0.2100 0.2400 0.0 0.0 1.0 0.027000 false
0.3300 0.2100 0.2700 0.0 0.0 1.0 0.027000 false
0.3300 0.2100 0.3000 0.0 0.0 1.0 0.027000 false
0.3300 0.2100 0.3300 0.0 0.0 1.0 0.027000 false
0.3300 0.2100 0.3600 0.0 0.0 1.0 0.027000 false
0.3300 0.2100 0.3900 0.0 0.0 1.0 0.027000 false
0.3300 0.2100 0.4200 0.0 0.0 1.0 0.027000 false
0.3300 0.2100 0.4500 0.0 0.0 1.0 0.027000 false
0.3300 0.2400 0.0300 0.0 0.0 1.0 0.027000 false
0.3300 0.2400 0.0600 0.0 0.0 1.0 0.027000 false
0.3300 0.2400 0.0900 0.0 0.0 1.0 0.027000 false
0.3300 0.2400 0.1200 0.0 0.0 1.0 0.027000 false
0.3300 0.2400 0.1500 0.0 0.0 1.0 0.027000 false
0.3300 0.2400 0.1800 0.0 0.0 1.0 0.027000 false
0.3300 0.2400 0.2100 0.0 0.0 1.0 0.027000 false
0.3300 0.2400 0.2400 0.0 0.0 1.0 0.027000 false
0.3300 0.2400 0.2700 0.0 0.0 1.0 0.027000 false
0.3300 0.2400 0.3000 0.0 0.0 1.0 0.027000 false
0.3300 0.2400 0.3300 0.0 0.0 1.0 0.027000 false
0.3300 0.2400 0.3600 0.0 0.0 1.0 0.027000 false
0.3300 0.2400 0.3900 0.0 0.0 1.0 0.027000 false
0.3300 0.2400 0.4200 0.0 0.0 1.0 0.027000 false
0.3300 0.2400 0.4500 0.0 0.0 1.0 0.027000 false
0.3300 0.2700 0.0300 0.0 0.0 1.0 0.027000 false
0.3300 0.2700 0.0600 0.0 0.0 1.0 0.027000 false
0.3300 0.2700 0.0900 0.0 0.0 1.0 0.027000 false
0.3300 0.2700 0.1200 0.0 0.0 1.0 0.027000 false
0.3300 0.2700 0.1500 0.0 0.0 1.0 0.027000 false
0.3300 0.2700 0.1800 0.0 0.0 1.0 0.027000 false
0.3300 0.2700 0.2100 0.0 0.0 1.0 0.027000 false
0.3300 0.2700 0.2400 0.0 0.0 1.0 0.027000 false
0.3300 0.2700 0.2700 0.0 0.0 1.0 0.027000 false
0.3300 0.2700 0.3000 0.0 0.0 1.0 0.027000 false
0.3300 0.2700 0.3300 0.0 0.0 1.0 0.027000 false
0.3300 0.2700 0.3600 0.0 0.0 1.0 0.027000 false
0.3300 0.2700 0.3900 0.0 0.0 1.0 0.027000 false
0.3300 0.2700 0.4200 0.0 0.0 1.0 0.027000 false
0.3300 0.2700 0.4500 0.0 0.0 1.0 0.027000 false
0.3300 0.3000 0.0300 0.0 0.0 1.0 0.027000 false
0.3300 0.3000 0.0600 0.0 0.0 1.0 0.027000 false
0.3300 0.3000 0.0900 0.0 0.0 1.0 0.027000 false
0.3300 0.3000 0.1200 0.0 0.0 1.0 0.027000 false
0.3300 0.3000 0.1500 0.0 0.0 1.0 0.027000 false
0.3300 0.3000 0.1800 0.0 0.0 1.0 0.027000 false
0.3300 0.3000 0.2100 0.0 0.0 1.0 0.027000 false
0.3300 0.3000 0.2400 0.0 0.0 1.0 0.027000 false
0.3300 0.3000 0.2700 0.0 0.0 1.0 0.027000 false
0.3300 0.3000 0.3000 0.0 0.0 1.0 0.027000 false
0.3300 0.3000 0.3300 0.0 0.0 1.0 0.027000 false
0.3300 0.3000 0.3600 0.0 0.0 1.0 0.027000 false
0.3300 0.3000 0.3900 0.0 0.0 1.0 0.027000 false
0.3300 0.3000 0.4200 0.0 0.0 1.0 0.027000 false
0.3300 0.3000 0.4500 0.0 0.0 1.0 0.027000 false
0.3300 0.3300 0.0300 0.0 0.0 1.0 0.027000 false
0.3300 0.3300 0.0600 0.0 0.0 1.0 0.027000 false
0.3300 0.3300 0.0900 0.0 0.0 1.0 0.027000 false
0.3300 0.3300 0.1200 0.0 0.0 1.0 0.027000 false
0.3300 0.3300 0.1500 0.0 0.0 1.0 0.027000 false
0.3300 0.3300 0.1800 0.0 0.0 1.0 0.027000 false
0.3300 0.3300 0.2100 0.0 0.0 1.0 0.027000 false
0.3300 0.3300 0.2400 0.0 0.0 1.0 0.027000 false
0.3300 0.3300 0.2700 0.0 0.0 1.0 0.027000 false
0.3300 0.3300 0.3000 0.0 0.0 1.0 0.027000 false
0.3300 0.3300 0.3300 0.0 0.0 1.0 0.027000 false
0.3300 0.3300 0.3600 0.0 0.0 1.0 0.027000 false
0.3300 0.3300 0.3900 0.0 0.0 1.0 0.027000 false
0.3300 0.3300 0.4200 0.0 0.0 1.0 0.027000 false
0.3300 0.3300 0.4500 0.0 0.0 1.0 0.027000 false
0.3300 0.3600 0.0300 0.0 0.0 1.0 0.027000 false
0.3300 0.3600 0.0600 0.0 0.0 1.0 0.027000 false
0.3300 0.3600 0.0900 0.0 0.0 1.0 0.027000 false
0.3300 0.3600 0.1200 0.0 0.0 1.0 0.027000 false
0.3300 0.3600 0.1500 0.0 0.0 1.0 0.027000 false
0.3300 0.3600 0.1800 0.0 0.0 1.0 0.027000 false
0.3300 0.3600 0.2100 0.0 0.0 1.0 0.027000 false
0.3300 0.3600 0.2400 0.0 0.0 1.0 0.027000 false
0.3300 0.3600 0.2700 0.0 0.0 1.0 0.027000 false
0.3300 0.3600 0.3000 0.0 0.0 1.0 0.027000 false
0.3300 0.3600 0.3300 0.0 0.0 1.0 0.027000 false
0.3300 0.3600 0.3600 0.0 0.0 1.0 0.027000 false
0.3300 0.3600 0.3900 0.0 0.0 1.0 0.027000 false
0.3300 0.3600 0.4200 0.0 0.0 1.0 0.027000 false
0.3300 0.3600 0.4500 0.0 0.0 1.0 0.027000 false
0.3300 0.3900 0.0300 0.0 0.0 1.0 0.027000 false
0.3300 0.3900 0.0600 0.0 0.0 1.0 0.027000 false
0.3300 0.3900 0.0900 0.0 0.0 1.0 0.027000 false
0.3300 0.3900 0.1200 0.0 0.0 1.0 0.027000 false
0.3300 0.3900 0.1500 0.0 0.0 1.0 0.027000 false
0.3300 0.3900 0.1800 0.0 0.0 1.0 0.027000 false
0.3300 0.3900 0.2100 0.0 0.0 1.0 0.027000 false
0.3300 0.3900 0.2400 0.0 0.0 1.0 0.027000 false
0.3300 0.3900 0.2700 0.0 0.0 1.0 0.027000 false
0.3300 0.3900 0.3000 0.0 0.0 1.0 0.027000 false
0.3300 0.3900 0.3300 0.0 0.0 1.0 0.027000 false
0.3300 0.3900 0.3600 0.0 0.0 1.0 0.027000 false
0.3300 0.3900 0.3900 0.0 0.0 1.0 0.027000 false
0.3300 0.3900 0.4200 0.0 0.0 1.0 0.027000 false
0.3300 0.3900 0.4500 0.0 0.0 1.0 0.027000 false
0.3300 0.4200 0.0300 0.0 0.0 1.0 0.027000 false
0.3300 0.4200 0.0600 0.0 0.0 1.0 0.027000 false
0.3300 0.4200 0.0900 0.0 0.0 1.0 0.027000 false
0.3300 0.4200 0.1200 0.0 0.0 1.0 0.027000 false
0.3300 0.4200 0.1500 0.0 0.0 1.0 0.027000 false
0.3300 0.4200 0.1800 0.0 0.0 1.0 0.027000 false
0.3300 0.4200 0.2100 0.0 0.0 1.0 0.027000 false
0.3300 0.4200 0.2400 0.0 0.0 1.0 0.027000 false
0.3300 0.4200 0.2700 0.0 0.0 1.0 0.027000 false
0.3300 0.4200 0.3000 0.0 0.0 1.0 0.027000 false
0.3300 0.4200 0.3300 0.0 0.0 1.0 0.027000 false
0.3300 0.4200 0.3600 0.0 0.0 1.0 0.027000 false
0.3300 0.4200 0.3900 0.0 0.0 1.0 0.027000 false
0.3300 0.4200 0.4200 0.0 0.0 1.0 0.027000 false
0.3300 0.4200 0.4500 0.0 0.0 1.0 0.027000 false
0.3300 0.4500 0.0300 0.0 0.0 1.0 0.027000 false
0.3300 0.4500 0.0600 0.0 0.0 1.0 0.027000 false
0.3300 0.4500 0.0900 0.0 0.0 1.0 0.027000 false
0.3300 0.4500 0.1200 0.0 0.0 1.0 0.027000 false
0.3300 0.4500 0.1500 0.0 0.0 1.0 0.027000 false
0.3300 0.4500 0.1800 0.0 0.0 1.0 0.027000 false
0.3300 0.4500 0.2100 0.0 0.0 1.0 0.027000 false
0.3300 0.4500 0.2400 0.0 0.0 1.0 0.027000 false
0.3300 0.4500 0.2700 0.0 0.0 1.0 0.027000 false
0.3300 0.4500 0.3000 0.0 0.0 1.0 0.027000 false
0.3300 0.4500 0.3300 0.0 0.0 1.0 0.027000 false
0.3300 0.4500 0.3600 0.0 0.0 1.0 0.027000 false
0.3300 0.4500 0.3900 0.0 0.0 1.0 0.027000 false
0.3300 0.4500 0.4200 0.0 0.0 1.0 0.027000 false
0.3300 0.4500 0.4500 0.0 0.0 1.0 0.027000 false
0.3600 0.0300 0.0300 0.0 0.0 1.0 0.027000 false
0.3600 0.0300 0.0600 0.0 0.0 1.0 0.027000 false
0.3600 0.0300 0.0900 0.0 0.0 1.0 0.027000 false
0.3600 0.0300 0.1200 0.0 0.0 1.0 0.027000 false
0.3600 0.0300 0.1500 0.0 0.0 1.0 0.027000 false
0.3600 0.0300 0.1800 0.0 0.0 1.0 0.027000 false
0.3600 0.0300 0.2100 0.0 0.0 1.0 0.027000 false
0.3600 0.0300 0.2400 0.0 0.0 1.0 0.027000 false
0.3600 0.0300 0.2700 0.0 0.0 1.0 0.027000 false
0.3600 0.0300 0.3000 0.0 0.0 1.0 0.027000 false
0.3600 0.0300 0.3300 0.0 0.0 1.0 0.027000 false
0.3600 0.0300 0.3600 0.0 0.0 1.0 0.027000 false
0.3600 0.0300 0.3900 0.0 0.0 1.0 0.027000 false
0.3600 0.0300 0.4200 0.0 0.0 1.0 0.027000 false
0.3600 0.0300 0.4500 0.0 0.0 1.0 0.027000 false
0.3600 0.0600 0.0300 0.0 0.0 1.0 0.027000 false
0.3600 0.0600 0.0600 0.0 0.0 1.0 0.027000 false
0.3600 0.0600 0.0900 0.0 0.0 1.0 0.027000 false
0.3600 0.0600 0.1200 0.0 0.0 1.0 0.027000 false
0.3600 0.0600 0.1500 0.0 0.0 1.0 0.027000 false
0.3600 0.0600 0.1800 0.0 0.0 1.0 0.027000 false
0.3600 0.0600 0.2100 0.0 0.0 1.0 0.027000 false
0.3600 0.0600 0.2400 0.0 0.0 1.0 0.027000 false
0.3600 0.0600 0.2700 0.0 0.0 1.0 0.027000 false
0.3600 0.0600 0.3000 0.0 0.0 1.0 0.027000 false
0.3600 0.0600 0.3300 0.0 0.0 1.0 0.027000 false
0.3600 0.0600 0.3600 0.0 0.0 1.0 0.027000 false
0.3600 0.0600 0.3900 0.0 0.0 1.0 0.027000 false
0.3600 0.0600 0.4200 0.0 0.0 1.0 0.027000 false
0.3600 0.0600 0.4500 0.0 0.0 1.0 0.027000 false
0.3600 0.0900 0.0300 0.0 0.0 1.0 0.027000 false
0.3600 0.0900 0.0600 0.0 0.0 1.0 0.027000 false
0.3600 0.0900 0.0900 0.0 0.0 1.0 0.027000 false
0.3600 0.0900 0.1200 0.0 0.0 1.0 0.027000 false
0.3600 0.0900 0.1500 0.0 0.0 1.0 0.027000 false
0.3600 0.0900 0.1800 0.0 0.0 1.0 0.027000 false
0.3600 0.0900 0.2100 0.0 0.0 1.0 0.027000 false
0.3600 0.0900 0.2400 0.0 0.0 1.0 0.027000 false
0.3600 0.0900 0.2700 0.0 0.0 1.0 0.027000 false
0.3600 0.0900 0.3000 0.0 0.0 1.0 0.027000 false
0.3600 0.0900 0.3300 0.0 0.0 1.0 0.027000 false
0.3600 0.0900 0.3600 0.0 0.0 1.0 0.027000 false
0.3600 0.0900 0.3900 0.0 0.0 1.0 0.027000 false
0.3600 0.0900 0.4200 0.0 0.0 1.0 0.027000 false
0.3600 0.0900 0.4500 0.0 0.0 1.0 0.027000 false
0.3600 0.1200 0.0300 0.0 0.0 1.0 0.027000 false
0.3600 0.1200 0.0600 0.0 0.0 1.0 0.027000 false
0.3600 0.1200 0.0900 0.0 0.0 1.0 0.027000 false
0.3600 0.1200 0.1200 0.0 0.0 1.0 0.027000 false
0.3600 0.1200 0.1500 0.0 0.0 1.0 0.027000 false
0.3600 0.1200 0.1800 0.0 0.0 1.0 0.027000 false
0.3600 0.1200 0.2100 0.0 0.0 1.0 0.027000 false
0.3600 0.1200 0.2400 0.0 0.0 1.0 0.027000 false
0.3600 0.1200 0.2700 0.0 0.0 1.0 0.027000 false
0.3600 0.1200 0.3000 0.0 0.0 1.0 0.027000 false
0.3600 0.1200 0.3300 0.0 0.0 1.0 0.027000 false
0.3600 0.1200 0.3600 0.0 0.0 1.0 0.027000 false
0.3600 0.1200 0.3900 0.0 0.0 1.0 0.027000 false
0.3600 0.1200 0.4200 0.0 0.0 1.0 0.027000 false
0.3600 0.1200 0.4500 0.0 0.0 1.0 0.027000 false
0.3600 0.1500 0.0300 0.0 0.0 1.0 0.027000 false
0.3600 0.1500 0.0600 0.0 0.0 1.0 0.027000 false
0.3600 0.1500 0.0900 0.0 0.0 1.0 0.027000 false
0.3600 0.1500 0.1200 0.0 0.0 1.0 0.027000 false
0.3600 0.1500 0.1500 0.0 0.0 1.0 0.027000 false
0.3600 0.1500 0.1800 0.0 0.0 1.0 0.027000 false
0.3600 0.1500 0.2100 0.0 0.0 1.0 0.027000 false
0.3600 0.1500 0.2400 0.0 0.0 1.0 0.027000 false
0.3600 0.1500 0.2700 0.0 0.0 1.0 0.027000 false
0.3600 0.1500 0.3000 0.0 0.0 1.0 0.027000 false
0.3600 0.1500 0.3300 0.0 0.0 1.0 0.027000 false
0.3600 0.1500 0.3600 0.0 0.0 1.0 0.027000 false
0.3600 0.1500 0.3900 0.0 0.0 1.0 0.027000 false
0.3600 0.1500 0.4200 0.0 0.0 1.0 0.027000 false
0.3600 0.1500 0.4500 0.0 0.0 1.0 0.027000 false
0.3600 0.1800 0.0300 0.0 0.0 1.0 0.027000 false
0.3600 0.1800 0.0600 0.0 0.0 1.0 0.027000 false
0.3600 0.1800 0.0900 0.0 0.0 1.0 0.027000 false
0.3600 0.1800 0.1200 0.0 0.0 1.0 0.027000 false
0.3600 0.1800 0.1500 0.0 0.0 1.0 0.027000 false
0.3600 0.1800 0.1800 0.0 0.0 1.0 0.027000 false
0.3600 0.1800 0.2100 0.0 0.0 1.0 0.027000 false
0.3600 0.1800 0.2400 0.0 0.0 1.0 0.027000 false
0.3600 0.1800 0.2700 0.0 0.0 1.0 0.027000 false
0.3600 0.1800 0.3000 0.0 0.0 1.0 0.027000 false
0.3600 0.1800 0.3300 0.0 0.0 1.0 0.027000 false
0.3600 0.1800 0.3600 0.0 0.0 1.0 0.027000 false
0.3600 0.1800 0.3900 0.0 0.0 1.0 0.027000 false
0.3600 0.1800 0.4200 0.0 0.0 1.0 0.027000 false
0.3600 0.1800 0.4500 0.0 0.0 1.0 0.027000 false
0.3600 0.2100 0.0300 0.0 0.0 1.0 0.027000 false
0.3600 0.2100 0.0600 0.0 0.0 1.0 0.027000 false
0.3600 0.2100 0.0900 0.0 0.0 1.0 0.027000 false
0.3600 0.2100 0.1200 0.0 0.0 1.0 0.027000 false
0.3600 0.2100 0.1500 0.0 0.0 1.0 0.027000 false
0.3600 0.2100 0.1800 0.0 0.0 1.0 0.027000 false
0.3600 0.2100 0.2100 0.0 0.0 1.0 0.027000 false
0.3600 0.2100 0.2400 0.0 0.0 1.0 0.027000 false
0.3600 0.2100 0.2700 0.0 0.0 1.0 0.027000 false
0.3600 0.2100 0.3000 0.0 0.0 1.0 0.027000 false
0.3600 0.2100 0.3300 0.0 0.0 1.0 0.027000 false
0.3600 0.2100 0.3600 0.0 0.0 1.0 0.027000 false
0.3600 0.2100 0.3900 0.0 0.0 1.0 0.027000 false
0.3600 0.2100 0.4200 0.0 0.0 1.0 0.027000 false
0.3600 0.2100 0.4500 0.0 0.0 1.0 0.027000 false
0.3600 0.2400 0.0300 0.0 0.0 1.0 0.027000 false
0.3600 0.2400 0.0600 0.0 0.0 1.0 0.027000 false
0.3600 0.2400 0.0900 0.0 0.0 1.0 0.027000 false
0.3600 0.2400 0.1200 0.0 0.0 1.0 0.027000 false
0.3600 0.2400 0.1500 0.0 0.0 1.0 0.027000 false
0.3600 0.2400 0.1800 0.0 0.0 1.0 0.027000 false
0.3600 0.2400 0.2100 0.0 0.0 1.0 0.027000 false
0.3600 0.2400 0.2400 0.0 0.0 1.0 0.027000 false
0.3600 0.2400 0.2700 0.0 0.0 1.0 0.027000 false
0.3600 0.2400 0.3000 0.0 0.0 1.0 0.027000 false
0.3600 0.2400 0.3300 0.0 0.0 1.0 0.027000 false
0.3600 0.2400 0.3600 0.0 0.0 1.0 0.027000 false
0.3600 0.2400 0.3900 0.0 0.0 1.0 0.027000 false
0.3600 0.2400 0.4200 0.0 0.0 1.0 0.027000 false
0.3600 0.2400 0.4500 0.0 0.0 1.0 0.027000 false
0.3600 0.2700 0.0300 0.0 0.0 1.0 0.027000 false
0.3600 0.2700 0.0600 0.0 0.0 1.0 0.027000 false
0.3600 0.2700 0.0900 0.0 0.0 1.0 0.027000 false
0.3600 0.2700 0.1200 0.0 0.0 1.0 0.027000 false
0.3600 0.2700 0.1500 0.0 0.0 1.0 0.027000 false
0.3600 0.2700 0.1800 0.0 0.0 1.0 0.027000 false
0.3600 0.2700 0.2100 0.0 0.0 1.0 0.027000 false
0.3600 0.2700 0.2400 0.0 0.0 1.0 0.027000 false
0.3600 0.2700 0.2700 0.0 0.0 1.0 0.027000 false
0.3600 0.2700 0.3000 0.0 0.0 1.0 0.027000 false
0.3600 0.2700 0.3300 0.0 0.0 1.0 0.027000 false
0.3600 0.2700 0.3600 0.0 0.0 1.0 0.027000 false
0.3600 0.2700 0.3900 0.0 0.0 1.0 0.027000 false
0.3600 0.2700 0.4200 0.0 0.0 1.0 0.027000 false
0.3600 0.2700 0.4500 0.0 0.0 1.0 0.027000 false
0.3600 0.3000 0.0300 0.0 0.0 1.0 0.027000 false
0.3600 0.3000 0.0600 0.0 0.0 1.0 0.027000 false
0.3600 0.3000 0.0900 0.0 0.0 1.0 0.027000 false
0.3600 0.3000 0.1200 0.0 0.0 1.0 0.027000 false
0.3600 0.3000 0.1500 0.0 0.0 1.0 0.027000 false
0.3600 0.3000 0.1800 0.0 0.0 1.0 0.027000 false
0.3600 0.3000 0.2100 0.0 0.0 1.0 0.027000 false
0.3600 0.3000 0.2400 0.0 0.0 1.0 0.027000 false
0.3600 0.3000 0.2700 0.0 0.0 1.0 0.027000 false
0.3600 0.3000 0.3000 0.0 0.0 1.0 0.027000 false
0.3600 0.3000 0.3300 0.0 0.0 1.0 0.027000 false
0.3600 0.3000 0.3600 0.0 0.0 1.0 0.027000 false
0.3600 0.3000 0.3900 0.0 0.0 1.0 0.027000 false
0.3600 0.3000 0.4200 0.0 0.0 1.0 0.027000 false
0.3600 0.3000 0.4500 0.0 0.0 1.0 0.027000 false
0.3600 0.3300 0.0300 0.0 0.0 1.0 0.027000 false
0.3600 0.3300 0.0600 0.0 0.0 1.0 0.027000 false
0.3600 0.3300 0.0900 0.0 0.0 1.0 0.027000 false
0.3600 0.3300 0.1200 0.0 0.0 1.0 0.027000 false
0.3600 0.3300 0.1500 0.0 0.0 1.0 0.027000 false
0.3600 0.3300 0.1800 0.0 0.0 1.0 0.027000 false
0.3600 0.3300 0.2100 0.0 0.0 1.0 0.027000 false
0.3600 0.3300 0.2400 0.0 0.0 1.0 0.027000 false
0.3600 0.3300 0.2700 0.0 0.0 1.0 0.027000 false
0.3600 0.3300 0.3000 0.0 0.0 1.0 0.027000 false
0.3600 0.3300 0.3300 0.0 0.0 1.0 0.027000 false
0.3600 0.3300 0.3600 0.0 0.0 1.0 0.027000 false
0.3600 0.3300 0.3900 0.0 0.0 1.0 0.027000 false
0.3600 0.3300 0.4200 0.0 0.0 1.0 0.027000 false
0.3600 0.3300 0.4500 0.0 0.0 1.0 0.027000 false
0.3600 0.3600 0.0300 0.0 0.0 1.0 0.027000 false
0.3600 0.3600 0.0600 0.0 0.0 1.0 0.027000 false
0.3600 0.3600 0.0900 0.0 0.0 1.0 0.027000 false
0.3600 0.3600 0.1200 0.0 0.0 1.0 0.027000 false
0.3600 0.3600 0.1500 0.0 0.0 1.0 0.027000 false
0.3600 0.3600 0.1800 0.0 0.0 1.0 0.027000 false
0.3600 0.3600 0.2100 0.0 0.0 1.0 0.027000 false
0.3600 0.3600 0.2400 0.0 0.0 1.0 0.027000 false
0.3600 0.3600 0.2700 0.0 0.0 1.0 0.027000 false
0.3600 0.3600 0.3000 0.0 0.0 1.0 0.027000 false
0.3600 0.3600 0.3300 0.0 0.0 1.0 0.027000 false
0.3600 0.3600 0.3600 0.0 0.0 1.0 0.027000 false
0.3600 0.3600 0.3900 0.0 0.0 1.0 0.027000 false
0.3600 0.3600 0.4200 0.0 0.0 1.0 0.027000 false
0.3600 0.3600 0.4500 0.0 0.0 1.0 0.027000 false
0.3600 0.3900 0.0300 0.0 0.0 1.0 0.027000 false
0.3600 0.3900 0.0600 0.0 0.0 1.0 0.027000 false
0.3600 0.3900 0.0900 0.0 0.0 1.0 0.027000 false
0.3600 0.3900 0.1200 0.0 0.0 1.0 0.027000 false
0.3600 0.3900 0.1500 0.0 0.0 1.0 0.027000 false
0.3600 0.3900 0.1800 0.0 0.0 1.0 0.027000 false
0.3600 0.3900 0.2100 0.0 0.0 1.0 0.027000 false
0.3600 0.3900 0.2400 0.0 0.0 1.0 0.027000 false
0.3600 0.3900 0.2700 0.0 0.0 1.0 0.027000 false
0.3600 0.3900 0.3000 0.0 0.0 1.0 0.027000 false
0.3600 0.3900 0.3300 0.0 0.0 1.0 0.027000 false
0.3600 0.3900 0.3600 0.0 0.0 1.0 0.027000 false
0.3600 0.3900 0.3900 0.0 0.0 1.0 0.027000 false
0.3600 0.3900 0.4200 0.0 0.0 1.0 0.027000 false
0.3600 0.3900 0.4500 0.0 0.0 1.0 0.027000 false
0.3600 0.4200 0.0300 0.0 0.0 1.0 0.027000 false
0.3600 0.4200 0.0600 0.0 0.0 1.0 0.027000 false
0.3600 0.4200 0.0900 0.0 0.0 1.0 0.027000 false
0.3600 0.4200 0.1200 0.0 0.0 1.0 0.027000 false
0.3600 0.4200 0.1500 0.0 0.0 1.0 0.027000 false
0.3600 0.4200 0.1800 0.0 0.0 1.0 0.027000 false
0.3600 0.4200 0.2100 0.0 0.0 1.0 0.027000 false
0.3600 0.4200 0.2400 0.0 0.0 1.0 0.027000 false
0.3600 0.4200 0.2700 0.0 0.0 1.0 0.027000 false
0.3600 0.4200 0.3000 0.0 0.0 1.0 0.027000 false
0.3600 0.4200 0.3300 0.0 0.0 1.0 0.027000 false
0.3600 0.4200 0.3600 0.0 0.0 1.0 0.027000 false
0.3600 0.4200 0.3900 0.0 0.0 1.0 0.027000 false
0.3600 0.4200 0.4200 0.0 0.0 1.0 0.027000 false
0.3600 0.4200 0.4500 0.0 0.0 1.0 0.027000 false
0.3600 0.4500 0.0300 0.0 0.0 1.0 0.027000 false
0.3600 0.4500 0.0600 0.0 0.0 1.0 0.027000 false
0.3600 0.4500 0.0900 0.0 0.0 1.0 0.027000 false
0.3600 0.4500 0.1200 0.0 0.0 1.0 0.027000 false
0.3600 0.4500 0.1500 0.0 0.0 1.0 0.027000 false
0.3600 0.4500 0.1800 0.0 0.0 1.0 0.027000 false
0.3600 0.4500 0.2100 0.0 0.0 1.0 0.027000 false
0.3600 0.4500 0.2400 0.0 0.0 1.0 0.027000 false
0.3600 0.4500 0.2700 0.0 0.0 1.0 0.027000 false
0.3600 0.4500 0.3000 0.0 0.0 1.0 0.027000 false
0.3600 0.4500 0.3300 0.0 0.0 1.0 0.027000 false
0.3600 0.4500 0.3600 0.0 0.0 1.0 0.027000 false
0.3600 0.4500 0.3900 0.0 0.0 1.0 0.027000 false
0.3600 0.4500 0.4200 0.0 0.0 1.0 0.027000 false
0.3600 0.4500 0.4500 0.0 0.0 1.0 0.027000 false
0.3900 0.0300 0.0300 0.0 0.0 1.0 0.027000 false
0.3900 0.0300 0.0600 0.0 0.0 1.0 0.027000 false
0.3900 0.0300 0.0900 0.0 0.0 1.0 0.027000 false
0.3900 0.0300 0.1200 0.0 0.0 1.0 0.027000 false
0.3900 0.0300 0.1500 0.0 0.0 1.0 0.027000 false
0.3900 0.0300 0.1800 0.0 0.0 1.0 0.027000 false
0.3900 0.0300 0.2100 0.0 0.0 1.0 0.027000 false
0.3900 0.0300 0.2400 0.0 0.0 1.0 0.027000 false
0.3900 0.0300 0.2700 0.0 0.0 1.0 0.027000 false
0.3900 0.0300 0.3000 0.0 0.0 1.0 0.027000 false
0.3900 0.0300 0.3300 0.0 0.0 1.0 0.027000 false
0.3900 0.0300 0.3600 0.0 0.0 1.0 0.027000 false
0.3900 0.0300 0.3900 0.0 0.0 1.0 0.027000 false
0.3900 0.0300 0.4200 0.0 0.0 1.0 0.027000 false
0.3900 0.0300 0.4500 0.0 0.0 1.0 0.027000 false
0.3900 0.0600 0.0300 0.0 0.0 1.0 0.027000 false
0.3900 0.0600 0.0600 0.0 0.0 1.0 0.027000 false
0.3900 0.0600 0.0900 0.0 0.0 1.0 0.027000 false
0.3900 0.0600 0.1200 0.0 0.0 1.0 0.027000 false
0.3900 0.0600 0.1500 0.0 0.0 1.0 0.027000 false
0.3900 0.0600 0.1800 0.0 0.0 1.0 0.027000 false
0.3900 0.0600 0.2100 0.0 0.0 1.0 0.027000 false
0.3900 0.0600 0.2400 0.0 0.0 1.0 0.027000 false
0.3900 0.0600 0.2700 0.0 0.0 1.0 0.027000 false
0.3900 0.0600 0.3000 0.0 0.0 1.0 0.027000 false
0.3900 0.0600 0.3300 0.0 0.0 1.0 0.027000 false
0.3900 0.0600 0.3600 0.0 0.0 1.0 0.027000 false
0.3900 0.0600 0.3900 0.0 0.0 1.0 0.027000 false
0.3900 0.0600 0.4200 0.0 0.0 1.0 0.027000 false
0.3900 0.0600 0.4500 0.0 0.0 1.0 0.027000 false
0.3900 0.0900 0.0300 0.0 0.0 1.0 0.027000 false
0.3900 0.0900 0.0600 0.0 0.0 1.0 0.027000 false
0.3900 0.0900 0.0900 0.0 0.0 1.0 0.027000 false
0.3900 0.0900 0.1200 0.0 0.0 1.0 0.027000 false
0.3900 0.0900 0.1500 0.0 0.0 1.0 0.027000 false
0.3900 0.0900 0.1800 0.0 0.0 1.0 0.027000 false
0.3900 0.0900 0.2100 0.0 0.0 1.0 0.027000 false
0.3900 0.0900 0.2400 0.0 0.0 1.0 0.027000 false
0.3900 0.0900 0.2700 0.0 0.0 1.0 0.027000 false
0.3900 0.0900 0.3000 0.0 0.0 1.0 0.027000 false
0.3900 0.0900 0.3300 0.0 0.0 1.0 0.027000 false
0.3900 0.0900 0.3600 0.0 0.0 1.0 0.027000 false
0.3900 0.0900 0.3900 0.0 0.0 1.0 0.027000 false
0.3900 0.0900 0.4200 0.0 0.0 1.0 0.027000 false
0.3900 0.0900 0.4500 0.0 0.0 1.0 0.027000 false
0.3900 0.1200 0.0300 0.0 0.0 1.0 0.027000 false
0.3900 0.1200 0.0600 0.0 0.0 1.0 0.027000 false
0.3900 0.1200 0.0900 0.0 0.0 1.0 0.027000 false
0.3900 0.1200 0.1200 0.0 0.0 1.0 0.027000 false
0.3900 0.1200 0.1500 0.0 0.0 1.0 0.027000 false
0.3900 0.1200 0.1800 0.0 0.0 1.0 0.027000 false
0.3900 0.1200 0.2100 0.0 0.0 1.0 0.027000 false
0.3900 0.1200 0.2400 0.0 0.0 1.0 0.027000 false
0.3900 0.1200 0.2700 0.0 0.0 1.0 0.027000 false
0.3900 0.1200 0.3000 0.0 0.0 1.0 0.027000 false
0.3900 0.1200 0.3300 0.0 0.0 1.0 0.027000 false
0.3900 0.1200 0.3600 0.0 0.0 1.0 0.027000 false
0.3900 0.1200 0.3900 0.0 0.0 1.0 0.027000 false
0.3900 0.1200 0.4200 0.0 0.0 1.0 0.027000 false
0.3900 0.1200 0.4500 0.0 0.0 1.0 0.027000 false
0.3900 0.1500 0.0300 0.0 0.0 1.0 0.027000 false
0.3900 0.1500 0.0600 0.0 0.0 1.0 0.027000 false
0.3900 0.1500 0.0900 0.0 0.0 1.0 0.027000 false
0.3900 0.1500 0.1200 0.0 0.0 1.0 0.027000 false
0.3900 0.1500 0.1500 0.0 0.0 1.0 0.027000 false
0.3900 0.1500 0.1800 0.0 0.0 1.0 0.027000 false
0.3900 0.1500 0.2100 0.0 0.0 1.0 0.027000 false
0.3900 0.1500 0.2400 0.0 0.0 1.0 0.027000 false
0.3900 0.1500 0.2700 0.0 0.0 1.0 0.027000 false
0.3900 0.1500 0.3000 0.0 0.0 1.0 0.027000 false
0.3900 0.1500 0.3300 0.0 0.0 1.0 0.027000 false
0.3900 0.1500 0.3600 0.0 0.0 1.0 0.027000 false
0.3900 0.1500 0.3900 0.0 0.0 1.0 0.027000 false
0.3900 0.1500 0.4200 0.0 0.0 1.0 0.027000 false
0.3900 0.1500 0.4500 0.0 0.0 1.0 0.027000 false
0.3900 0.1800 0.0300 0.0 0.0 1.0 0.027000 false
0.3900 0.1800 0.0600 0.0 0.0 1.0 0.027000 false
0.3900 0.1800 0.0900 0.0 0.0 1.0 0.027000 false
0.3900 0.1800 0.1200 0.0 0.0 1.0 0.027000 false
0.3900 0.1800 0.1500 0.0 0.0 1.0 0.027000 false
0.3900 0.1800 0.1800 0.0 0.0 1.0 0.027000 false
0.3900 0.1800 0.2100 0.0 0.0 1.0 0.027000 false
0.3900 0.1800 0.2400 0.0 0.0 1.0 0.027000 false
0.3900 0.1800 0.2700 0.0 0.0 1.0 0.027000 false
0.3900 0.1800 0.3000 0.0 0.0 1.0 0.027000 false
0.3900 0.1800 0.3300 0.0 0.0 1.0 0.027000 false
0.3900 0.1800 0.3600 0.0 0.0 1.0 0.027000 false
0.3900 0.1800 0.3900 0.0 0.0 1.0 0.027000 false
0.3900 0.1800 0.4200 0.0 0.0 1.0 0.027000 false
0.3900 0.1800 0.4500 0.0 0.0 1.0 0.027000 false
0.3900 0.2100 0.0300 0.0 0.0 1.0 0.027000 false
0.3900 0.2100 0.0600 0.0 0.0 1.0 0.027000 false
0.3900 0.2100 0.0900 0.0 0.0 1.0 0.027000 false
0.3900 0.2100 0.1200 0.0 0.0 1.0 0.027000 false
0.3900 0.2100 0.1500 0.0 0.0 1.0 0.027000 false
0.3900 0.2100 0.1800 0.0 0.0 1.0 0.027000 false
0.3900 0.2100 0.2100 0.0 0.0 1.0 0.027000 false
0.3900 0.2100 0.2400 0.0 0.0 1.0 0.027000 false
0.3900 0.2100 0.2700 0.0 0.0 1.0 0.027000 false
0.3900 0.2100 0.3000 0.0 0.0 1.0 0.027000 false
0.3900 0.2100 0.3300 0.0 0.0 1.0 0.027000 false
0.3900 0.2100 0.3600 0.0 0.0 1.0 0.027000 false
0.3900 0.2100 0.3900 0.0 0.0 1.0 0.027000 false
0.3900 0.2100 0.4200 0.0 0.0 1.0 0.027000 false
0.3900 0.2100 0.4500 0.0 0.0 1.0 0.027000 false
0.3900 0.2400 0.0300 0.0 0.0 1.0 0.027000 false
0.3900 0.2400 0.0600 0.0 0.0 1.0 0.027000 false
0.3900 0.2400 0.0900 0.0 0.0 1.0 0.027000 false
0.3900 0.2400 0.1200 0.0 0.0 1.0 0.027000 false
0.3900 0.2400 0.1500 0.0 0.0 1.0 0.027000 false
0.3900 0.2400 0.1800 0.0 0.0 1.0 0.027000 false
0.3900 0.2400 0.2100 0.0 0.0 1.0 0.027000 false
0.3900 0.2400 0.2400 0.0 0.0 1.0 0.027000 false
0.3900 0.2400 0.2700 0.0 0.0 1.0 0.027000 false
0.3900 0.2400 0.3000 0.0 0.0 1.0 0.027000 false
0.3900 0.2400 0.3300 0.0 0.0 1.0 0.027000 false
0.3900 0.2400 0.3600 0.0 0.0 1.0 0.027000 false
0.3900 0.2400 0.3900 0.0 0.0 1.0 0.027000 false
0.3900 0.2400 0.4200 0.0 0.0 1.0 0.027000 false
0.3900 0.2400 0.4500 0.0 0.0 1.0 0.027000 false
0.3900 0.2700 0.0300 0.0 0.0 1.0 0.027000 false
0.3900 0.2700 0.0600 0.0 0.0 1.0 0.027000 false
0.3900 0.2700 0.0900 0.0 0.0 1.0 0.027000 false
0.3900 0.2700 0.1200 0.0 0.0 1.0 0.027000 false
0.3900 0.2700 0.1500 0.0 0.0 1.0 0.027000 false
0.3900 0.2700 0.1800 0.0 0.0 1.0 0.027000 false
0.3900 0.2700 0.2100 0.0 0.0 1.0 0.027000 false
0.3900 0.2700 0.2400 0.0 0.0 1.0 0.027000 false
0.3900 0.2700 0.2700 0.0 0.0 1.0 0.027000 false
0.3900 0.2700 0.3000 0.0 0.0 1.0 0.027000 false
0.3900 0.2700 0.3300 0.0 0.0 1.0 0.027000 false
0.3900 0.2700 0.3600 0.0 0.0 1.0 0.027000 false
0.3900 0.2700 0.3900 0.0 0.0 1.0 0.027000 false
0.3900 0.2700 0.4200 0.0 0.0 1.0 0.027000 false
0.3900 0.2700 0.4500 0.0 0.0 1.0 0.027000 false
0.3900 0.3000 0.0300 0.0 0.0 1.0 0.027000 false
0.3900 0.3000 0.0600 0.0 0.0 1.0 0.027000 false
0.3900 0.3000 0.0900 0.0 0.0 1.0 0.027000 false
0.3900 0.3000 0.1200 0.0 0.0 1.0 0.027000 false
0.3900 0.3000 0.1500 0.0 0.0 1.0 0.027000 false
0.3900 0.3000 0.1800 0.0 0.0 1.0 0.027000 false
0.3900 0.3000 0.2100 0.0 0.0 1.0 0.027000 false
0.3900 0.3000 0.2400 0.0 0.0 1.0 0.027000 false
0.3900 0.3000 0.2700 0.0 0.0 1.0 0.027000 false
0.3900 0.3000 0.3000 0.0 0.0 1.0 0.027000 false
0.3900 0.3000 0.3300 0.0 0.0 1.0 0.027000 false
0.3900 0.3000 0.3600 0.0 0.0 1.0 0.027000 false
0.3900 0.3000 0.3900 0.0 0.0 1.0 0.027000 false
0.3900 0.3000 0.4200 0.0 0.0 1.0 0.027000 false
0.3900 0.3000 0.4500 0.0 0.0 1.0 0.027000 false
0.3900 0.3300 0.0300 0.0 0.0 1.0 0.027000 false
0.3900 0.3300 0.0600 0.0 0.0 1.0 0.027000 false
0.3900 0.3300 0.0900 0.0 0.0 1.0 0.027000 false
0.3900 0.3300 0.1200 0.0 0.0 1.0 0.027000 false
0.3900 0.3300 0.1500 0.0 0.0 1.0 0.027000 false
0.3900 0.3300 0.1800 0.0 0.0 1.0 0.027000 false
0.3900 0.3300 0.2100 0.0 0.0 1.0 0.027000 false
0.3900 0.3300 0.2400 0.0 0.0 1.0 0.027000 false
0.3900 0.3300 0.2700 0.0 0.0 1.0 0.027000 false
0.3900 0.3300 0.3000 0.0 0.0 1.0 0.027000 false
0.3900 0.3300 0.3300 0.0 0.0 1.0 0.027000 false
0.3900 0.3300 0.3600 0.0 0.0 1.0 0.027000 false
0.3900 0.3300 0.3900 0.0 0.0 1.0 0.027000 false
0.3900 0.3300 0.4200 0.0 0.0 1.0 0.027000 false
0.3900 0.3300 0.4500 0.0 0.0 1.0 0.027000 false
0.3900 0.3600 0.0300 0.0 0.0 1.0 0.027000 false
0.3900 0.3600 0.0600 0.0 0.0 1.0 0.027000 false
0.3900 0.3600 0.0900 0.0 0.0 1.0 0.027000 false
0.3900 0.3600 0.1200 0.0 0.0 1.0 0.027000 false
0.3900 0.3600 0.1500 0.0 0.0 1.0 0.027000 false
0.3900 0.3600 0.1800 0.0 0.0 1.0 0.027000 false
0.3900 0.3600 0.2100 0.0 0.0 1.0 0.027000 false
0.3900 0.3600 0.2400 0.0 0.0 1.0 0.027000 false
0.3900 0.3600 0.2700 0.0 0.0 1.0 0.027000 false
0.3900 0.3600 0.3000 0.0 0.0 1.0 0.027000 false
0.3900 0.3600 0.3300 0.0 0.0 1.0 0.027000 false
0.3900 0.3600 0.3600 0.0 0.0 1.0 0.027000 false
0.3900 0.3600 0.3900 0.0 0.0 1.0 0.027000 false
0.3900 0.3600 0.4200 0.0 0.0 1.0 0.027000 false
0.3900 0.3600 0.4500 0.0 0.0 1.0 0.027000 false
0.3900 0.3900 0.0300 0.0 0.0 1.0 0.027000 false
0.3900 0.3900 0.0600 0.0 0.0 1.0 0.027000 false
0.3900 0.3900 0.0900 0.0 0.0 1.0 0.027000 false
0.3900 0.3900 0.1200 0.0 0.0 1.0 0.027000 false
0.3900 0.3900 0.1500 0.0 0.0 1.0 0.027000 false
0.3900 0.3900 0.1800 0.0 0.0 1.0 0.027000 false
0.3900 0.3900 0.2100 0.0 0.0 1.0 0.027000 false
0.3900 0.3900 0.2400 0.0 0.0 1.0 0.027000 false
0.3900 0.3900 0.2700 0.0 0.0 1.0 0.027000 false
0.3900 0.3900 0.3000 0.0 0.0 1.0 0.027000 false
0.3900 0.3900 0.3300 0.0 0.0 1.0 0.027000 false
0.3900 0.3900 0.3600 0.0 0.0 1.0 0.027000 false
0.3900 0.3900 0.3900 0.0 0.0 1.0 0.027000 false
0.3900 0.3900 0.4200 0.0 0.0 1.0 0.027000 false
0.3900 0.3900 0.4500 0.0 0.0 1.0 0.027000 false
0.3900 0.4200 0.0300 0.0 0.0 1.0 0.027000 false
0.3900 0.4200 0.0600 0.0 0.0 1.0 0.027000 false
0.3900 0.4200 0.0900 0.0 0.0 1.0 0.027000 false
0.3900 0.4200 0.1200 0.0 0.0 1.0 0.027000 false
0.3900 0.4200 0.1500 0.0 0.0 1.0 0.027000 false
0.3900 0.4200 0.1800 0.0 0.0 1.0 0.027000 false
0.3900 0.4200 0.2100 0.0 0.0 1.0 0.027000 false
0.3900 0.4200 0.2400 0.0 0.0 1.0 0.027000 false
0.3900 0.4200 0.2700 0.0 0.0 1.0 0.027000 false
0.3900 0.4200 0.3000 0.0 0.0 1.0 0.027000 false
0.3900 0.4200 0.3300 0.0 0.0 1.0 0.027000 false
0.3900 0.4200 0.3600 0.0 0.0 1.0 0.027000 false
0.3900 0.4200 0.3900 0.0 0.0 1.0 0.027000 false
0.3900 0.4200 0.4200 0.0 0.0 1.0 0.027000 false
0.3900 0.4200 0.4500 0.0 0.0 1.0 0.027000 false
0.3900 0.4500 0.0300 0.0 0.0 1.0 0.027000 false
0.3900 0.4500 0.0600 0.0 0.0 1.0 0.027000 false
0.3900 0.4500 0.0900 0.0 0.0 1.0 0.027000 false
0.3900 0.4500 0.1200 0.0 0.0 1.0 0.027000 false
0.3900 0.4500 0.1500 0.0 0.0 1.0 0.027000 false
0.3900 0.4500 0.1800 0.0 0.0 1.0 0.027000 false
0.3900 0.4500 0.2100 0.0 0.0 1.0 0.027000 false
0.3900 0.4500 0.2400 0.0 0.0 1.0 0.027000 false
0.3900 0.4500 0.2700 0.0 0.0 1.0 0.027000 false
0.3900 0.4500 0.3000 0.0 0.0 1.0 0.027000 false
0.3900 0.4500 0.3300 0.0 0.0 1.0 0.027000 false
0.3900 0.4500 0.3600 0.0 0.0 1.0 0.027000 false
0.3900 0.4500 0.3900 0.0 0.0 1.0 0.027000 false
0.3900 0.4500 0.4200 0.0 0.0 1.0 0.027000 false
0.3900 0.4500 0.4500 0.0 0.0 1.0 0.027000 false
0.4200 0.0300 0.0300 0.0 0.0 1.0 0.027000 false
0.4200 0.0300 0.0600 0.0 0.0 1.0 0.027000 false
0.4200 0.0300 0.0900 0.0 0.0 1.0 0.027000 false
0.4200 0.0300 0.1200 0.0 0.0 1.0 0.027000 false
0.4200 0.0300 0.1500 0.0 0.0 1.0 0.027000 false
0.4200 0.0300 0.1800 0.0 0.0 1.0 0.027000 false
0.4200 0.0300 0.2100 0.0 0.0 1.0 0.027000 false
0.4200 0.0300 0.2400 0.0 0.0 1.0 0.027000 false
0.4200 0.0300 0.2700 0.0 0.0 1.0 0.027000 false
0.4200 0.0300 0.3000 0.0 0.0 1.0 0.027000 false
0.4200 0.0300 0.3300 0.0 0.0 1.0 0.027000 false
0.4200 0.0300 0.3600 0.0 0.0 1.0 0.027000 false
0.4200 0.0300 0.3900 0.0 0.0 1.0 0.027000 false
0.4200 0.0300 0.4200 0.0 0.0 1.0 0.027000 false
0.4200 0.0300 0.4500 0.0 0.0 1.0 0.027000 false
0.4200 0.0600 0.0300 0.0 0.0 1.0 0.027000 false
0.4200 0.0600 0.0600 0.0 0.0 1.0 0.027000 false
0.4200 0.0600 0.0900 0.0 0.0 1.0 0.027000 false
0.4200 0.0600 0.1200 0.0 0.0 1.0 0.027000 false
0.4200 0.0600 0.1500 0.0 0.0 1.0 0.027000 false
0.4200 0.0600 0.1800 0.0 0.0 1.0 0.027000 false
0.4200 0.0600 0.2100 0.0 0.0 1.0 0.027000 false
0.4200 0.0600 0.2400 0.0 0.0 1.0 0.027000 false
0.4200 0.0600 0.2700 0.0 0.0 1.0 0.027000 false
0.4200 0.0600 0.3000 0.0 0.0 1.0 0.027000 false
0.4200 0.0600 0.3300 0.0 0.0 1.0 0.027000 false
0.4200 0.0600 0.3600 0.0 0.0 1.0 0.027000 false
0.4200 0.0600 0.3900 0.0 0.0 1.0 0.027000 false
0.4200 0.0600 0.4200 0.0 0.0 1.0 0.027000 false
0.4200 0.0600 0.4500 0.0 0.0 1.0 0.027000 false
0.4200 0.0900 0.0300 0.0 0.0 1.0 0.027000 false
0.4200 0.0900 0.0600 0.0 0.0 1.0 0.027000 false
0.4200 0.0900 0.0900 0.0 0.0 1.0 0.027000 false
0.4200 0.0900 0.1200 0.0 0.0 1.0 0.027000 false
0.4200 0.0900 0.1500 0.0 0.0 1.0 0.027000 false
0.4200 0.0900 0.1800 0.0 0.0 1.0 0.027000 false
0.4200 0.0900 0.2100 0.0 0.0 1.0 0.027000 false
0.4200 0.0900 0.2400 0.0 0.0 1.0 0.027000 false
0.4200 0.0900 0.2700 0.0 0.0 1.0 0.027000 false
0.4200 0.0900 0.3000 0.0 0.0 1.0 0.027000 false
0.4200 0.0900 0.3300 0.0 0.0 1.0 0.027000 false
0.4200 0.0900 0.3600 0.0 0.0 1.0 0.027000 false
0.4200 0.0900 0.3900 0.0 0.0 1.0 0.027000 false
0.4200 0.0900 0.4200 0.0 0.0 1.0 0.027000 false
0.4200 0.0900 0.4500 0.0 0.0 1.0 0.027000 false
0.4200 0.1200 0.0300 0.0 0.0 1.0 0.027000 false
0.4200 0.1200 0.0600 0.0 0.0 1.0 0.027000 false
0.4200 0.1200 0.0900 0.0 0.0 1.0 0.027000 false
0.4200 0.1200 0.1200 0.0 0.0 1.0 0.027000 false
0.4200 0.1200 0.1500 0.0 0.0 1.0 0.027000 false
0.4200 0.1200 0.1800 0.0 0.0 1.0 0.027000 false
0.4200 0.1200 0.2100 0.0 0.0 1.0 0.027000 false
0.4200 0.1200 0.2400 0.0 0.0 1.0 0.027000 false
0.4200 0.1200 0.2700 0.0 0.0 1.0 0.027000 false
0.4200 0.1200 0.3000 0.0 0.0 1.0 0.027000 false
0.4200 0.1200 0.3300 0.0 0.0 1.0 0.027000 false
0.4200 0.1200 0.3600 0.0 0.0 1.0 0.027000 false
0.4200 0.1200 0.3900 0.0 0.0 1.0 0.027000 false
0.4200 0.1200 0.4200 0.0 0.0 1.0 0.027000 false
0.4200 0.1200 0.4500 0.0 0.0 1.0 0.027000 false
0.4200 0.1500 0.0300 0.0 0.0 1.0 0.027000 false
0.4200 0.1500 0.0600 0.0 0.0 1.0 0.027000 false
0.4200 0.1500 0.0900 0.0 0.0 1.0 0.027000 false
0.4200 0.1500 0.1200 0.0 0.0 1.0 0.027000 false
0.4200 0.1500 0.1500 0.0 0.0 1.0 0.027000 false
0.4200 0.1500 0.1800 0.0 0.0 1.0 0.027000 false
0.4200 0.1500 0.2100 0.0 0.0 1.0 0.027000 false
0.4200 0.1500 0.2400 0.0 0.0 1.0 0.027000 false
0.4200 0.1500 0.2700 0.0 0.0 1.0 0.027000 false
0.4200 0.1500 0.3000 0.0 0.0 1.0 0.027000 false
0.4200 0.1500 0.3300 0.0 0.0 1.0 0.027000 false
0.4200 0.1500 0.3600 0.0 0.0 1.0 0.027000 false
0.4200 0.1500 0.3900 0.0 0.0 1.0 0.027000 false
0.4200 0.1500 0.4200 0.0 0.0 1.0 0.027000 false
0.4200 0.1500 0.4500 0.0 0.0 1.0 0.027000 false
0.4200 0.1800 0.0300 0.0 0.0 1.0 0.027000 false
0.4200 0.1800 0.0600 0.0 0.0 1.0 0.027000 false
0.4200 0.1800 0.0900 0.0 0.0 1.0 0.027000 false
0.4200 0.1800 0.1200 0.0 0.0 1.0 0.027000 false
0.4200 0.1800 0.1500 0.0 0.0 1.0 0.027000 false
0.4200 0.1800 0.1800 0.0 0.0 1.0 0.027000 false
0.4200 0.1800 0.2100 0.0 0.0 1.0 0.027000 false
0.4200 0.1800 0.2400 0.0 0.0 1.0 0.027000 false
0.4200 0.1800 0.2700 0.0 0.0 1.0 0.027000 false
0.4200 0.1800 0.3000 0.0 0.0 1.0 0.027000 false
0.4200 0.1800 0.3300 0.0 0.0 1.0 0.027000 false
0.4200 0.1800 0.3600 0.0 0.0 1.0 0.027000 false
0.4200 0.1800 0.3900 0.0 0.0 1.0 0.027000 false
0.4200 0.1800 0.4200 0.0 0.0 1.0 0.027000 false
0.4200 0.1800 0.4500 0.0 0.0 1.0 0.027000 false
0.4200 0.2100 0.0300 0.0 0.0 1.0 0.027000 false
0.4200 0.2100 0.0600 0.0 0.0 1.0 0.027000 false
0.4200 0.2100 0.0900 0.0 0.0 1.0 0.027000 false
0.4200 0.2100 0.1200 0.0 0.0 1.0 0.027000 false
0.4200 0.2100 0.1500 0.0 0.0 1.0 0.027000 false
0.4200 0.2100 0.1800 0.0 0.0 1.0 0.027000 false
0.4200 0.2100 0.2100 0.0 0.0 1.0 0.027000 false
0.4200 0.2100 0.2400 0.0 0.0 1.0 0.027000 false
0.4200 0.2100 0.2700 0.0 0.0 1.0 0.027000 false
0.4200 0.2100 0.3000 0.0 0.0 1.0 0.027000 false
0.4200 0.2100 0.3300 0.0 0.0 1.0 0.027000 false
0.4200 0.2100 0.3600 0.0 0.0 1.0 0.027000 false
0.4200 0.2100 0.3900 0.0 0.0 1.0 0.027000 false
0.4200 0.2100 0.4200 0.0 0.0 1.0 0.027000 false
0.4200 0.2100 0.4500 0.0 0.0 1.0 0.027000 false
0.4200 0.2400 0.0300 0.0 0.0 1.0 0.027000 false
0.4200 0.2400 0.0600 0.0 0.0 1.0 0.027000 false
0.4200 0.2400 0.0900 0.0 0.0 1.0 0.027000 false
0.4200 0.2400 0.1200 0.0 0.0 1.0 0.027000 false
0.4200 0.2400 0.1500 0.0 0.0 1.0 0.027000 false
0.4200 0.2400 0.1800 0.0 0.0 1.0 0.027000 false
0.4200 0.2400 0.2100 0.0 0.0 1.0 0.027000 false
0.4200 0.2400 0.2400 0.0 0.0 1.0 0.027000 false
0.4200 0.2400 0.2700 0.0 0.0 1.0 0.027000 false
0.4200 0.2400 0.3000 0.0 0.0 1.0 0.027000 false
0.4200 0.2400 0.3300 0.0 0.0 1.0 0.027000 false
0.4200 0.2400 0.3600 0.0 0.0 1.0 0.027000 false
0.4200 0.2400 0.3900 0.0 0.0 1.0 0.027000 false
0.4200 0.2400 0.4200 0.0 0.0 1.0 0.027000 false
0.4200 0.2400 0.4500 0.0 0.0 1.0 0.027000 false
0.4200 0.2700 0.0300 0.0 0.0 1.0 0.027000 false
0.4200 0.2700 0.0600 0.0 0.0 1.0 0.027000 false
0.4200 0.2700 0.0900 0.0 0.0 1.0 0.027000 false
0.4200 0.2700 0.1200 0.0 0.0 1.0 0.027000 false
0.4200 0.2700 0.1500 0.0 0.0 1.0 0.027000 false
0.4200 0.2700 0.1800 0.0 0.0 1.0 0.027000 false
0.4200 0.2700 0.2100 0.0 0.0 1.0 0.027000 false
0.4200 0.2700 0.2400 0.0 0.0 1.0 0.027000 false
0.4200 0.2700 0.2700 0.0 0.0 1.0 0.027000 false
0.4200 0.2700 0.3000 0.0 0.0 1.0 0.027000 false
0.4200 0.2700 0.3300 0.0 0.0 1.0 0.027000 false
0.4200 0.2700 0.3600 0.0 0.0 1.0 0.027000 false
0.4200 0.2700 0.3900 0.0 0.0 1.0 0.027000 false
0.4200 0.2700 0.4200 0.0 0.0 1.0 0.027000 false
0.4200 0.2700 0.4500 0.0 0.0 1.0 0.027000 false
0.4200 0.3000 0.0300 0.0 0.0 1.0 0.027000 false
0.4200 0.3000 0.0600 0.0 0.0 1.0 0.027000 false
0.4200 0.3000 0.0900 0.0 0.0 1.0 0.027000 false
0.4200 0.3000 0.1200 0.0 0.0 1.0 0.027000 false
0.4200 0.3000 0.1500 0.0 0.0 1.0 0.027000 false
0.4200 0.3000 0.1800 0.0 0.0 1.0 0.027000 false
0.4200 0.3000 0.2100 0.0 0.0 1.0 0.027000 false
0.4200 0.3000 0.2400 0.0 0.0 1.0 0.027000 false
0.4200 0.3000 0.2700 0.0 0.0 1.0 0.027000 false
0.4200 0.3000 0.3000 0.0 0.0 1.0 0.027000 false
0.4200 0.3000 0.3300 0.0 0.0 1.0 0.027000 false
0.4200 0.3000 0.3600 0.0 0.0 1.0 0.027000 false
0.4200 0.3000 0.3900 0.0 0.0 1.0 0.027000 false
0.4200 0.3000 0.4200 0.0 0.0 1.0 0.027000 false
0.4200 0.3000 0.4500 0.0 0.0 1.0 0.027000 false
0.4200 0.3300 0.0300 0.0 0.0 1.0 0.027000 false
0.4200 0.3300 0.0600 0.0 0.0 1.0 0.027000 false
0.4200 0.3300 0.0900 0.0 0.0 1.0 0.027000 false
0.4200 0.3300 0.1200 0.0 0.0 1.0 0.027000 false
0.4200 0.3300 0.1500 0.0 0.0 1.0 0.027000 false
0.4200 0.3300 0.1800 0.0 0.0 1.0 0.027000 false
0.4200 0.3300 0.2100 0.0 0.0 1.0 0.027000 false
0.4200 0.3300 0.2400 0.0 0.0 1.0 0.027000 false
0.4200 0.3300 0.2700 0.0 0.0 1.0 0.027000 false
0.4200 0.3300 0.3000 0.0 0.0 1.0 0.027000 false
0.4200 0.3300 0.3300 0.0 0.0 1.0 0.027000 false
0.4200 0.3300 0.3600 0.0 0.0 1.0 0.027000 false
0.4200 0.3300 0.3900 0.0 0.0 1.0 0.027000 false
0.4200 0.3300 0.4200 0.0 0.0 1.0 0.027000 false
0.4200 0.3300 0.4500 0.0 0.0 1.0 0.027000 false
0.4200 0.3600 0.0300 0.0 0.0 1.0 0.027000 false
0.4200 0.3600 0.0600 0.0 0.0 1.0 0.027000 false
0.4200 0.3600 0.0900 0.0 0.0 1.0 0.027000 false
0.4200 0.3600 0.1200 0.0 0.0 1.0 0.027000 false
0.4200 0.3600 0.1500 0.0 0.0 1.0 0.027000 false
0.4200 0.3600 0.1800 0.0 0.0 1.0 0.027000 false
0.4200 0.3600 0.2100 0.0 0.0 1.0 0.027000 false
0.4200 0.3600 0.2400 0.0 0.0 1.0 0.027000 false
0.4200 0.3600 0.2700 0.0 0.0 1.0 0.027000 false
0.4200 0.3600 0.3000 0.0 0.0 1.0 0.027000 false
0.4200 0.3600 0.3300 0.0 0.0 1.0 0.027000 false
0.4200 0.3600 0.3600 0.0 0.0 1.0 0.027000 false
0.4200 0.3600 0.3900 0.0 0.0 1.0 0.027000 false
0.4200 0.3600 0.4200 0.0 0.0 1.0 0.027000 false
0.4200 0.3600 0.4500 0.0 0.0 1.0 0.027000 false
0.4200 0.3900 0.0300 0.0 0.0 1.0 0.027000 false
0.4200 0.3900 0.0600 0.0 0.0 1.0 0.027000 false
0.4200 0.3900 0.0900 0.0 0.0 1.0 0.027000 false
0.4200 0.3900 0.1200 0.0 0.0 1.0 0.027000 false
0.4200 0.3900 0.1500 0.0 0.0 1.0 0.027000 false
0.4200 0.3900 0.1800 0.0 0.0 1.0 0.027000 false
0.4200 0.3900 0.2100 0.0 0.0 1.0 0.027000 false
0.4200 0.3900 0.2400 0.0 0.0 1.0 0.027000 false
0.4200 0.3900 0.2700 0.0 0.0 1.0 0.027000 false
0.4200 0.3900 0.3000 0.0 0.0 1.0 0.027000 false
0.4200 0.3900 0.3300 0.0 0.0 1.0 0.027000 false
0.4200 0.3900 0.3600 0.0 0.0 1.0 0.027000 false
0.4200 0.3900 0.3900 0.0 0.0 1.0 0.027000 false
0.4200 0.3900 0.4200 0.0 0.0 1.0 0.027000 false
0.4200 0.3900 0.4500 0.0 0.0 1.0 0.027000 false
0.4200 0.4200 0.0300 0.0 0.0 1.0 0.027000 false
0.4200 0.4200 0.0600 0.0 0.0 1.0 0.027000 false
0.4200 0.4200 0.0900 0.0 0.0 1.0 0.027000 false
0.4200 0.4200 0.1200 0.0 0.0 1.0 0.027000 false
0.4200 0.4200 0.1500 0.0 0.0 1.0 0.027000 false
0.4200 0.4200 0.1800 0.0 0.0 1.0 0.027000 false
0.4200 0.4200 0.2100 0.0 0.0 1.0 0.027000 false
0.4200 0.4200 0.2400 0.0 0.0 1.0 0.027000 false
0.4200 0.4200 0.2700 0.0 0.0 1.0 0.027000 false
0.4200 0.4200 0.3000 0.0 0.0 1.0 0.027000 false
0.4200 0.4200 0.3300 0.0 0.0 1.0 0.027000 false
0.4200 0.4200 0.3600 0.0 0.0 1.0 0.027000 false
0.4200 0.4200 0.3900 0.0 0.0 1.0 0.027000 false
0.4200 0.4200 0.4200 0.0 0.0 1.0 0.027000 false
0.4200 0.4200 0.4500 0.0 0.0 1.0 0.027000 false
0.4200 0.4500 0.0300 0.0 0.0 1.0 0.027000 false
0.4200 0.4500 0.0600 0.0 0.0 1.0 0.027000 false
0.4200 0.4500 0.0900 0.0 0.0 1.0 0.027000 false
0.4200 0.4500 0.1200 0.0 0.0 1.0 0.027000 false
0.4200 0.4500 0.1500 0.0 0.0 1.0 0.027000 false
0.4200 0.4500 0.1800 0.0 0.0 1.0 0.027000 false
0.4200 0.4500 0.2100 0.0 0.0 1.0 0.027000 false
0.4200 0.4500 0.2400 0.0 0.0 1.0 0.027000 false
0.4200 0.4500 0.2700 0.0 0.0 1.0 0.027000 false
0.4200 0.4500 0.3000 0.0 0.0 1.0 0.027000 false
0.4200 0.4500 0.3300 0.0 0.0 1.0 0.027000 false
0.4200 0.4500 0.3600 0.0 0.0 1.0 0.027000 false
0.4200 0.4500 0.3900 0.0 0.0 1.0 0.027000 false
0.4200 0.4500 0.4200 0.0 0.0 1.0 0.027000 false
0.4200 0.4500 0.4500 0.0 0.0 1.0 0.027000 false
0.4500 0.0300 0.0300 0.0 0.0 1.0 0.027000 false
0.4500 0.0300 0.0600 0.0 0.0 1.0 0.027000 false
0.4500 0.0300 0.0900 0.0 0.0 1.0 0.027000 false
0.4500 0.0300 0.1200 0.0 0.0 1.0 0.027000 false
0.4500 0.0300 0.1500 0.0 0.0 1.0 0.027000 false
0.4500 0.0300 0.1800 0.0 0.0 1.0 0.027000 false
0.4500 0.0300 0.2100 0.0 0.0 1.0 0.027000 false
0.4500 0.0300 0.2400 0.0 0.0 1.0 0.027000 false
0.4500 0.0300 0.2700 0.0 0.0 1.0 0.027000 false
0.4500 0.0300 0.3000 0.0 0.0 1.0 0.027000 false
0.4500 0.0300 0.3300 0.0 0.0 1.0 0.027000 false
0.4500 0.0300 0.3600 0.0 0.0 1.0 0.027000 false
0.4500 0.0300 0.3900 0.0 0.0 1.0 0.027000 false
0.4500 0.0300 0.4200 0.0 0.0 1.0 0.027000 false
0.4500 0.0300 0.4500 0.0 0.0 1.0 0.027000 false
0.4500 0.0600 0.0300 0.0 0.0 1.0 0.027000 false
0.4500 0.0600 0.0600 0.0 0.0 1.0 0.027000 false
0.4500 0.0600 0.0900 0.0 0.0 1.0 0.027000 false
0.4500 0.0600 0.1200 0.0 0.0 1.0 0.027000 false
0.4500 0.0600 0.1500 0.0 0.0 1.0 0.027000 false
0.4500 0.0600 0.1800 0.0 0.0 1.0 0.027000 false
0.4500 0.0600 0.2100 0.0 0.0 1.0 0.027000 false
0.4500 0.0600 0.2400 0.0 0.0 1.0 0.027000 false
0.4500 0.0600 0.2700 0.0 0.0 1.0 0.027000 false
0.4500 0.0600 0.3000 0.0 0.0 1.0 0.027000 false
0.4500 0.0600 0.3300 0.0 0.0 1.0 0.027000 false
0.4500 0.0600 0.3600 0.0 0.0 1.0 0.027000 false
0.4500 0.0600 0.3900 0.0 0.0 1.0 0.027000 false
0.4500 0.0600 0.4200 0.0 0.0 1.0 0.027000 false
0.4500 0.0600 0.4500 0.0 0.0 1.0 0.027000 false
0.4500 0.0900 0.0300 0.0 0.0 1.0 0.027000 false
0.4500 0.0900 0.0600 0.0 0.0 1.0 0.027000 false
0.4500 0.0900 0.0900 0.0 0.0 1.0 0.027000 false
0.4500 0.0900 0.1200 0.0 0.0 1.0 0.027000 false
0.4500 0.0900 0.1500 0.0 0.0 1.0 0.027000 false
0.4500 0.0900 0.1800 0.0 0.0 1.0 0.027000 false
0.4500 0.0900 0.2100 0.0 0.0 1.0 0.027000 false
0.4500 0.0900 0.2400 0.0 0.0 1.0 0.027000 false
0.4500 0.0900 0.2700 0.0 0.0 1.0 0.027000 false
0.4500 0.0900 0.3000 0.0 0.0 1.0 0.027000 false
0.4500 0.0900 0.3300 0.0 0.0 1.0 0.027000 false
0.4500 0.0900 0.3600 0.0 0.0 1.0 0.027000 false
0.4500 0.0900 0.3900 0.0 0.0 1.0 0.027000 false
0.4500 0.0900 0.4200 0.0 0.0 1.0 0.027000 false
0.4500 0.0900 0.4500 0.0 0.0 1.0 0.027000 false
0.4500 0.1200 0.0300 0.0 0.0 1.0 0.027000 false
0.4500 0.1200 0.0600 0.0 0.0 1.0 0.027000 false
0.4500 0.1200 0.0900 0.0 0.0 1.0 0.027000 false
0.4500 0.1200 0.1200 0.0 0.0 1.0 0.027000 false
0.4500 0.1200 0.1500 0.0 0.0 1.0 0.027000 false
0.4500 0.1200 0.1800 0.0 0.0 1.0 0.027000 false
0.4500 0.1200 0.2100 0.0 0.0 1.0 0.027000 false
0.4500 0.1200 0.2400 0.0 0.0 1.0 0.027000 false
0.4500 0.1200 0.2700 0.0 0.0 1.0 0.027000 false
0.4500 0.1200 0.3000 0.0 0.0 1.0 0.027000 false
0.4500 0.1200 0.3300 0.0 0.0 1.0 0.027000 false
0.4500 0.1200 0.3600 0.0 0.0 1.0 0.027000 false
0.4500 0.1200 0.3900 0.0 0.0 1.0 0.027000 false
0.4500 0.1200 0.4200 0.0 0.0 1.0 0.027000 false
0.4500 0.1200 0.4500 0.0 0.0 1.0 0.027000 false
0.4500 0.1500 0.0300 0.0 0.0 1.0 0.027000 false
0.4500 0.1500 0.0600 0.0 0.0 1.0 0.027000 false
0.4500 0.1500 0.0900 0.0 0.0 1.0 0.027000 false
0.4500 0.1500 0.1200 0.0 0.0 1.0 0.027000 false
0.4500 0.1500 0.1500 0.0 0.0 1.0 0.027000 false
0.4500 0.1500 0.1800 0.0 0.0 1.0 0.027000 false
0.4500 0.1500 0.2100 0.0 0.0 1.0 0.027000 false
0.4500 0.1500 0.2400 0.0 0.0 1.0 0.027000 false
0.4500 0.1500 0.2700 0.0 0.0 1.0 0.027000 false
0.4500 0.1500 0.3000 0.0 0.0 1.0 0.027000 false
0.4500 0.1500 0.3300 0.0 0.0 1.0 0.027000 false
0.4500 0.1500 0.3600 0.0 0.0 1.0 0.027000 false
0.4500 0.1500 0.3900 0.0 0.0 1.0 0.027000 false
0.4500 0.1500 0.4200 0.0 0.0 1.0 0.027000 false
0.4500 0.1500 0.4500 0.0 0.0 1.0 0.027000 false
0.4500 0.1800 0.0300 0.0 0.0 1.0 0.027000 false
0.4500 0.1800 0.0600 0.0 0.0 1.0 0.027000 false
0.4500 0.1800 0.0900 0.0 0.0 1.0 0.027000 false
0.4500 0.1800 0.1200 0.0 0.0 1.0 0.027000 false
0.4500 0.1800 0.1500 0.0 0.0 1.0 0.027000 false
0.4500 0.1800 0.1800 0.0 0.0 1.0 0.027000 false
0.4500 0.1800 0.2100 0.0 0.0 1.0 0.027000 false
0.4500 0.1800 0.2400 0.0 0.0 1.0 0.027000 false
0.4500 0.1800 0.2700 0.0 0.0 1.0 0.027000 false
0.4500 0.1800 0.3000 0.0 0.0 1.0 0.027000 false
0.4500 0.1800 0.3300 0.0 0.0 1.0 0.027000 false
0.4500 0.1800 0.3600 0.0 0.0 1.0 0.027000 false
0.4500 0.1800 0.3900 0.0 0.0 1.0 0.027000 false
0.4500 0.1800 0.4200 0.0 0.0 1.0 0.027000 false
0.4500 0.1800 0.4500 0.0 0.0 1.0 0.027000 false
0.4500 0.2100 0.0300 0.0 0.0 1.0 0.027000 false
0.4500 0.2100 0.0600 0.0 0.0 1.0 0.027000 false
0.4500 0.2100 0.0900 0.0 0.0 1.0 0.027000 false
0.4500 0.2100 0.1200 0.0 0.0 1.0 0.027000 false
0.4500 0.2100 0.1500 0.0 0.0 1.0 0.027000 false
0.4500 0.2100 0.1800 0.0 0.0 1.0 0.027000 false
0.4500 0.2100 0.2100 0.0 0.0 1.0 0.027000 false
0.4500 0.2100 0.2400 0.0 0.0 1.0 0.027000 false
0.4500 0.2100 0.2700 0.0 0.0 1.0 0.027000 false
0.4500 0.2100 0.3000 0.0 0.0 1.0 0.027000 false
0.4500 0.2100 0.3300 0.0 0.0 1.0 0.027000 false
0.4500 0.2100 0.3600 0.0 0.0 1.0 0.027000 false
0.4500 0.2100 0.3900 0.0 0.0 1.0 0.027000 false
0.4500 0.2100 0.4200 0.0 0.0 1.0 0.027000 false
0.4500 0.2100 0.4500 0.0 0.0 1.0 0.027000 false
0.4500 0.2400 0.0300 0.0 0.0 1.0 0.027000 false
0.4500 0.2400 0.0600 0.0 0.0 1.0 0.027000 false
0.4500 0.2400 0.0900 0.0 0.0 1.0 0.027000 false
0.4500 0.2400 0.1200 0.0 0.0 1.0 0.027000 false
0.4500 0.2400 0.1500 0.0 0.0 1.0 0.027000 false
0.4500 0.2400 0.1800 0.0 0.0 1.0 0.027000 false
0.4500 0.2400 0.2100 0.0 0.0 1.0 0.027000 false
0.4500 0.2400 0.2400 0.0 0.0 1.0 0.027000 false
0.4500 0.2400 0.2700 0.0 0.0 1.0 0.027000 false
0.4500 0.2400 0.3000 0.0 0.0 1.0 0.027000 false
0.4500 0.2400 0.3300 0.0 0.0 1.0 0.027000 false
0.4500 0.2400 0.3600 0.0 0.0 1.0 0.027000 false
0.4500 0.2400 0.3900 0.0 0.0 1.0 0.027000 false
0.4500 0.2400 0.4200 0.0 0.0 1.0 0.027000 false
0.4500 0.2400 0.4500 0.0 0.0 1.0 0.027000 false
0.4500 0.2700 0.0300 0.0 0.0 1.0 0.027000 false
0.4500 0.2700 0.0600 0.0 0.0 1.0 0.027000 false
0.4500 0.2700 0.0900 0.0 0.0 1.0 0.027000 false
0.4500 0.2700 0.1200 0.0 0.0 1.0 0.027000 false
0.4500 0.2700 0.1500 0.0 0.0 1.0 0.027000 false
0.4500 0.2700 0.1800 0.0 0.0 1.0 0.027000 false
0.4500 0.2700 0.2100 0.0 0.0 1.0 0.027000 false
0.4500 0.2700 0.2400 0.0 0.0 1.0 0.027000 false
0.4500 0.2700 0.2700 0.0 0.0 1.0 0.027000 false
0.4500 0.2700 0.3000 0.0 0.0 1.0 0.027000 false
0.4500 0.2700 0.3300 0.0 0.0 1.0 0.027000 false
0.4500 0.2700 0.3600 0.0 0.0 1.0 0.027000 false
0.4500 0.2700 0.3900 0.0 0.0 1.0 0.027000 false
0.4500 0.2700 0.4200 0.0 0.0 1.0 0.027000 false
0.4500 0.2700 0.4500 0.0 0.0 1.0 0.027000 false
0.4500 0.3000 0.0300 0.0 0.0 1.0 0.027000 false
0.4500 0.3000 0.0600 0.0 0.0 1.0 0.027000 false
0.4500 0.3000 0.0900 0.0 0.0 1.0 0.027000 false
0.4500 0.3000 0.1200 0.0 0.0 1.0 0.027000 false
0.4500 0.3000 0.1500 0.0 0.0 1.0 0.027000 false
0.4500 0.3000 0.1800 0.0 0.0 1.0 0.027000 false
0.4500 0.3000 0.2100 0.0 0.0 1.0 0.027000 false
0.4500 0.3000 0.2400 0.0 0.0 1.0 0.027000 false
0.4500 0.3000 0.2700 0.0 0.0 1.0 0.027000 false
0.4500 0.3000 0.3000 0.0 0.0 1.0 0.027000 false
0.4500 0.3000 0.3300 0.0 0.0 1.0 0.027000 false
0.4500 0.3000 0.3600 0.0 0.0 1.0 0.027000 false
0.4500 0.3000 0.3900 0.0 0.0 1.0 0.027000 false
0.4500 0.3000 0.4200 0.0 0.0 1.0 0.027000 false
0.4500 0.3000 0.4500 0.0 0.0 1.0 0.027000 false
0.4500 0.3300 0.0300 0.0 0.0 1.0 0.027000 false
0.4500 0.3300 0.0600 0.0 0.0 1.0 0.027000 false
0.4500 0.3300 0.0900 0.0 0.0 1.0 0.027000 false
0.4500 0.3300 0.1200 0.0 0.0 1.0 0.027000 false
0.4500 0.3300 0.1500 0.0 0.0 1.0 0.027000 false
0.4500 0.3300 0.1800 0.0 0.0 1.0 0.027000 false
0.4500 0.3300 0.2100 0.0 0.0 1.0 0.027000 false
0.4500 0.3300 0.2400 0.0 0.0 1.0 0.027000 false
0.4500 0.3300 0.2700 0.0 0.0 1.0 0.027000 false
0.4500 0.3300 0.3000 0.0 0.0 1.0 0.027000 false
0.4500 0.3300 0.3300 0.0 0.0 1.0 0.027000 false
0.4500 0.3300 0.3600 0.0 0.0 1.0 0.027000 false
0.4500 0.3300 0.3900 0.0 0.0 1.0 0.027000 false
0.4500 0.3300 0.4200 0.0 0.0 1.0 0.027000 false
0.4500 0.3300 0.4500 0.0 0.0 1.0 0.027000 false
0.4500 0.3600 0.0300 0.0 0.0 1.0 0.027000 false
0.4500 0.3600 0.0600 0.0 0.0 1.0 0.027000 false
0.4500 0.3600 0.0900 0.0 0.0 1.0 0.027000 false
0.4500 0.3600 0.1200 0.0 0.0 1.0 0.027000 false
0.4500 0.3600 0.1500 0.0 0.0 1.0 0.027000 false
0.4500 0.3600 0.1800 0.0 0.0 1.0 0.027000 false
0.4500 0.3600 0.2100 0.0 0.0 1.0 0.027000 false
0.4500 0.3600 0.2400 0.0 0.0 1.0 0.027000 false
0.4500 0.3600 0.2700 0.0 0.0 1.0 0.027000 false
0.4500 0.3600 0.3000 0.0 0.0 1.0 0.027000 false
0.4500 0.3600 0.3300 0.0 0.0 1.0 0.027000 false
0.4500 0.3600 0.3600 0.0 0.0 1.0 0.027000 false
0.4500 0.3600 0.3900 0.0 0.0 1.0 0.027000 false
0.4500 0.3600 0.4200 0.0 0.0 1.0 0.027000 false
0.4500 0.3600 0.4500 0.0 0.0 1.0 0.027000 false
0.4500 0.3900 0.0300 0.0 0.0 1.0 0.027000 false
0.4500 0.3900 0.0600 0.0 0.0 1.0 0.027000 false
0.4500 0.3900 0.0900 0.0 0.0 1.0 0.027000 false
0.4500 0.3900 0.1200 0.0 0.0 1.0 0.027000 false
0.4500 0.3900 0.1500 0.0 0.0 1.0 0.027000 false
0.4500 0.3900 0.1800 0.0 0.0 1.0 0.027000 false
0.4500 0.3900 0.2100 0.0 0.0 1.0 0.027000 false
0.4500 0.3900 0.2400 0.0 0.0 1.0 0.027000 false
0.4500 0.3900 0.2700 0.0 0.0 1.0 0.027000 false
0.4500 0.3900 0.3000 0.0 0.0 1.0 0.027000 false
0.4500 0.3900 0.3300 0.0 0.0 1.0 0.027000 false
0.4500 0.3900 0.3600 0.0 0.0 1.0 0.027000 false
0.4500 0.3900 0.3900 0.0 0.0 1.0 0.027000 false
0.4500 0.3900 0.4200 0.0 0.0 1.0 0.027000 false
0.4500 0.3900 0.4500 0.0 0.0 1.0 0.027000 false
0.4500 0.4200 0.0300 0.0 0.0 1.0 0.027000 false
0.4500 0.4200 0.0600 0.0 0.0 1.0 0.027000 false
0.4500 0.4200 0.0900 0.0 0.0 1.0 0.027000 false
0.4500 0.4200 0.1200 0.0 0.0 1.0 0.027000 false
0.4500 0.4200 0.1500 0.0 0.0 1.0 0.027000 false
0.4500 0.4200 0.1800 0.0 0.0 1.0 0.027000 false
0.4500 0.4200 0.2100 0.0 0.0 1.0 0.027000 false
0.4500 0.4200 0.2400 0.0 0.0 1.0 0.027000 false
0.4500 0.4200 0.2700 0.0 0.0 1.0 0.027000 false
0.4500 0.4200 0.3000 0.0 0.0 1.0 0.027000 false
0.4500 0.4200 0.3300 0.0 0.0 1.0 0.027000 false
0.4500 0.4200 0.3600 0.0 0.0 1.0 0.027000 false
0.4500 0.4200 0.3900 0.0 0.0 1.0 0.027000 false
0.4500 0.4200 0.4200 0.0 0.0 1.0 0.027000 false
0.4500 0.4200 0.4500 0.0 0.0 1.0 0.027000 false
0.4500 0.4500 0.0300 0.0 0.0 1.0 0.027000 false
0.4500 0.4500 0.0600 0.0 0.0 1.0 0.027000 false
0.4500 0.4500 0.0900 0.0 0.0 1.0 0.027000 false
0.4500 0.4500 0.1200 0.0 0.0 1.0 0.027000 false
0.4500 0.4500 0.1500 0.0 0.0 1.0 0.027000 false
0.4500 0.4500 0.1800 0.0 0.0 1.0 0.027000 false
0.4500 0.4500 0.2100 0.0 0.0 1.0 0.027000 false
0.4500 0.4500 0.2400 0.0 0.0 1.0 0.027000 false
0.4500 0.4500 0.2700 0.0 0.0 1.0 0.027000 false
0.4500 0.4500 0.3000 0.0 0.0 1.0 0.027000 false
0.4500 0.4500 0.3300 0.0 0.0 1.0 0.027000 false
0.4500 0.4500 0.3600 0.0 0.0 1.0 0.027000 false
0.4500 0.4500 0.3900 0.0 0.0 1.0 0.027000 false
0.4500 0.4500 0.4200 0.0 0.0 1.0 0.027000 false
0.4500 0.4500 0.4500 0.0 0.0 1.0 0.027000 false
0.4800 0.0300 0.0300 0.0 0.0 1.0 0.027000 false
0.4800 0.0300 0.0600 0.0 0.0 1.0 0.027000 false
0.4800 0.0300 0.0900 0.0 0.0 1.0 0.027000 false
0.4800 0.0300 0.1200 0.0 0.0 1.0 0.027000 false
0.4800 0.0300 0.1500 0.0 0.0 1.0 0.027000 false
0.4800 0.0300 0.1800 0.0 0.0 1.0 0.027000 false
0.4800 0.0300 0.2100 0.0 0.0 1.0 0.027000 false
0.4800 0.0300 0.2400 0.0 0.0 1.0 0.027000 false
0.4800 0.0300 0.2700 0.0 0.0 1.0 0.027000 false
0.4800 0.0300 0.3000 0.0 0.0 1.0 0.027000 false
0.4800 0.0300 0.3300 0.0 0.0 1.0 0.027000 false
0.4800 0.0300 0.3600 0.0 0.0 1.0 0.027000 false
0.4800 0.0300 0.3900 0.0 0.0 1.0 0.027000 false
0.4800 0.0300 0.4200 0.0 0.0 1.0 0.027000 false
0.4800 0.0300 0.4500 0.0 0.0 1.0 0.027000 false
0.4800 0.0600 0.0300 0.0 0.0 1.0 0.027000 false
0.4800 0.0600 0.0600 0.0 0.0 1.0 0.027000 false
0.4800 0.0600 0.0900 0.0 0.0 1.0 0.027000 false
0.4800 0.0600 0.1200 0.0 0.0 1.0 0.027000 false
0.4800 0.0600 0.1500 0.0 0.0 1.0 0.027000 false
0.4800 0.0600 0.1800 0.0 0.0 1.0 0.027000 false
0.4800 0.0600 0.2100 0.0 0.0 1.0 0.027000 false
0.4800 0.0600 0.2400 0.0 0.0 1.0 0.027000 false
0.4800 0.0600 0.2700 0.0 0.0 1.0 0.027000 false
0.4800 0.0600 0.3000 0.0 0.0 1.0 0.027000 false
0.4800 0.0600 0.3300 0.0 0.0 1.0 0.027000 false
0.4800 0.0600 0.3600 0.0 0.0 1.0 0.027000 false
0.4800 0.0600 0.3900 0.0 0.0 1.0 0.027000 false
0.4800 0.0600 0.4200 0.0 0.0 1.0 0.027000 false
0.4800 0.0600 0.4500 0.0 0.0 1.0 0.027000 false
0.4800 0.0900 0.0300 0.0 0.0 1.0 0.027000 false
0.4800 0.0900 0.0600 0.0 0.0 1.0 0.027000 false
0.4800 0.0900 0.0900 0.0 0.0 1.0 0.027000 false
0.4800 0.0900 0.1200 0.0 0.0 1.0 0.027000 false
0.4800 0.0900 0.1500 0.0 0.0 1.0 0.027000 false
0.4800 0.0900 0.1800 0.0 0.0 1.0 0.027000 false
0.4800 0.0900 0.2100 0.0 0.0 1.0 0.027000 false
0.4800 0.0900 0.2400 0.0 0.0 1.0 0.027000 false
0.4800 0.0900 0.2700 0.0 0.0 1.0 0.027000 false
0.4800 0.0900 0.3000 0.0 0.0 1.0 0.027000 false
0.4800 0.0900 0.3300 0.0 0.0 1.0 0.027000 false
0.4800 0.0900 0.3600 0.0 0.0 1.0 0.027000 false
0.4800 0.0900 0.3900 0.0 0.0 1.0 0.027000 false
0.4800 0.0900 0.4200 0.0 0.0 1.0 0.027000 false
0.4800 0.0900 0.4500 0.0 0.0 1.0 0.027000 false
0.4800 0.1200 0.0300 0.0 0.0 1.0 0.027000 false
0.4800 0.1200 0.0600 0.0 0.0 1.0 0.027000 false
0.4800 0.1200 0.0900 0.0 0.0 1.0 0.027000 false
0.4800 0.1200 0.1200 0.0 0.0 1.0 0.027000 false
0.4800 0.1200 0.1500 0.0 0.0 1.0 0.027000 false
0.4800 0.1200 0.1800 0.0 0.0 1.0 0.027000 false
0.4800 0.1200 0.2100 0.0 0.0 1.0 0.027000 false
0.4800 0.1200 0.2400 0.0 0.0 1.0 0.027000 false
0.4800 0.1200 0.2700 0.0 0.0 1.0 0.027000 false
0.4800 0.1200 0.3000 0.0 0.0 1.0 0.027000 false
0.4800 0.1200 0.3300 0.0 0.0 1.0 0.027000 false
0.4800 0.1200 0.3600 0.0 0.0 1.0 0.027000 false
0.4800 0.1200 0.3900 0.0 0.0 1.0 0.027000 false
0.4800 0.1200 0.4200 0.0 0.0 1.0 0.027000 false
0.4800 0.1200 0.4500 0.0 0.0 1.0 0.027000 false
0.4800 0.1500 0.0300 0.0 0.0 1.0 0.027000 false
0.4800 0.1500 0.0600 0.0 0.0 1.0 0.027000 false
0.4800 0.1500 0.0900 0.0 0.0 1.0 0.027000 false
0.4800 0.1500 0.1200 0.0 0.0 1.0 0.027000 false
0.4800 0.1500 0.1500 0.0 0.0 1.0 0.027000 false
0.4800 0.1500 0.1800 0.0 0.0 1.0 0.027000 false
0.4800 0.1500 0.2100 0.0 0.0 1.0 0.027000 false
0.4800 0.1500 0.2400 0.0 0.0 1.0 0.027000 false
0.4800 0.1500 0.2700 0.0 0.0 1.0 0.027000 false
0.4800 0.1500 0.3000 0.0 0.0 1.0 0.027000 false
0.4800 0.1500 0.3300 0.0 0.0 1.0 0.027000 false
0.4800 0.1500 0.3600 0.0 0.0 1.0 0.027000 false
0.4800 0.1500 0.3900 0.0 0.0 1.0 0.027000 false
0.4800 0.1500 0.4200 0.0 0.0 1.0 0.027000 false
0.4800 0.1500 0.4500 0.0 0.0 1.0 0.027000 false
0.4800 0.1800 0.0300 0.0 0.0 1.0 0.027000 false
0.4800 0.1800 0.0600 0.0 0.0 1.0 0.027000 false
0.4800 0.1800 0.0900 0.0 0.0 1.0 0.027000 false
0.4800 0.1800 0.1200 0.0 0.0 1.0 0.027000 false
0.4800 0.1800 0.1500 0.0 0.0 1.0 0.027000 false
0.4800 0.1800 0.1800 0.0 0.0 1.0 0.027000 false
0.4800 0.1800 0.2100 0.0 0.0 1.0 0.027000 false
0.4800 0.1800 0.2400 0.0 0.0 1.0 0.027000 false
0.4800 0.1800 0.2700 0.0 0.0 1.0 0.027000 false
0.4800 0.1800 0.3000 0.0 0.0 1.0 0.027000 false
0.4800 0.1800 0.3300 0.0 0.0 1.0 0.027000 false
0.4800 0.1800 0.3600 0.0 0.0 1.0 0.027000 false
0.4800 0.1800 0.3900 0.0 0.0 1.0 0.027000 false
0.4800 0.1800 0.4200 0.0 0.0 1.0 0.027000 false
0.4800 0.1800 0.4500 0.0 0.0 1.0 0.027000 false
0.4800 0.2100 0.0300 0.0 0.0 1.0 0.027000 false
0.4800 0.2100 0.0600 0.0 0.0 1.0 0.027000 false
0.4800 0.2100 0.0900 0.0 0.0 1.0 0.027000 false
0.4800 0.2100 0.1200 0.0 0.0 1.0 0.027000 false
0.4800 0.2100 0.1500 0.0 0.0 1.0 0.027000 false
0.4800 0.2100 0.1800 0.0 0.0 1.0 0.027000 false
0.4800 0.2100 0.2100 0.0 0.0 1.0 0.027000 false
0.4800 0.2100 0.2400 0.0 0.0 1.0 0.027000 false
0.4800 0.2100 0.2700 0.0 0.0 1.0 0.027000 false
0.4800 0.2100 0.3000 0.0 0.0 1.0 0.027000 false
0.4800 0.2100 0.3300 0.0 0.0 1.0 0.027000 false
0.4800 0.2100 0.3600 0.0 0.0 1.0 0.027000 false
0.4800 0.2100 0.3900 0.0 0.0 1.0 0.027000 false
0.4800 0.2100 0.4200 0.0 0.0 1.0 0.027000 false
0.4800 0.2100 0.4500 0.0 0.0 1.0 0.027000 false
0.4800 0.2400 0.0300 0.0 0.0 1.0 0.027000 false
0.4800 0.2400 0.0600 0.0 0.0 1.0 0.027000 false
0.4800 0.2400 0.0900 0.0 0.0 1.0 0.027000 false
0.4800 0.2400 0.1200 0.0 0.0 1.0 0.027000 false
0.4800 0.2400 0.1500 0.0 0.0 1.0 0.027000 false
0.4800 0.2400 0.1800 0.0 0.0 1.0 0.027000 false
0.4800 0.2400 0.2100 0.0 0.0 1.0 0.027000 false
0.4800 0.2400 0.2400 0.0 0.0 1.0 0.027000 false
0.4800 0.2400 0.2700 0.0 0.0 1.0 0.027000 false
0.4800 0.2400 0.3000 0.0 0.0 1.0 0.027000 false
0.4800 0.2400 0.3300 0.0 0.0 1.0 0.027000 false
0.4800 0.2400 0.3600 0.0 0.0 1.0 0.027000 false
0.4800 0.2400 0.3900 0.0 0.0 1.0 0.027000 false
0.4800 0.2400 0.4200 0.0 0.0 1.0 0.027000 false
0.4800 0.2400 0.4500 0.0 0.0 1.0 0.027000 false
0.4800 0.2700 0.0300 0.0 0.0 1.0 0.027000 false
0.4800 0.2700 0.0600 0.0 0.0 1.0 0.027000 false
0.4800 0.2700 0.0900 0.0 0.0 1.0 0.027000 false
0.4800 0.2700 0.1200 0.0 0.0 1.0 0.027000 false
0.4800 0.2700 0.1500 0.0 0.0 1.0 0.027000 false
0.4800 0.2700 0.1800 0.0 0.0 1.0 0.027000 false
0.4800 0.2700 0.2100 0.0 0.0 1.0 0.027000 false
0.4800 0.2700 0.2400 0.0 0.0 1.0 0.027000 false
0.4800 0.2700 0.2700 0.0 0.0 1.0 0.027000 false
0.4800 0.2700 0.3000 0.0 0.0 1.0 0.027000 false
0.4800 0.2700 0.3300 0.0 0.0 1.0 0.027000 false
0.4800 0.2700 0.3600 0.0 0.0 1.0 0.027000 false
0.4800 0.2700 0.3900 0.0 0.0 1.0 0.027000 false
0.4800 0.2700 0.4200 0.0 0.0 1.0 0.027000 false
0.4800 0.2700 0.4500 0.0 0.0 1.0 0.027000 false
0.4800 0.3000 0.0300 0.0 0.0 1.0 0.027000 false
0.4800 0.3000 0.0600 0.0 0.0 1.0 0.027000 false
0.4800 0.3000 0.0900 0.0 0.0 1.0 0.027000 false
0.4800 0.3000 0.1200 0.0 0.0 1.0 0.027000 false
0.4800 0.3000 0.1500 0.0 0.0 1.0 0.027000 false
0.4800 0.3000 0.1800 0.0 0.0 1.0 0.027000 false
0.4800 0.3000 0.2100 0.0 0.0 1.0 0.027000 false
0.4800 0.3000 0.2400 0.0 0.0 1.0 0.027000 false
0.4800 0.3000 0.2700 0.0 0.0 1.0 0.027000 false
0.4800 0.3000 0.3000 0.0 0.0 1.0 0.027000 false
0.4800 0.3000 0.3300 0.0 0.0 1.0 0.027000 false
0.4800 0.3000 0.3600 0.0 0.0 1.0 0.027000 false
0.4800 0.3000 0.3900 0.0 0.0 1.0 0.027000 false
0.4800 0.3000 0.4200 0.0 0.0 1.0 0.027000 false
0.4800 0.3000 0.4500 0.0 0.0 1.0 0.027000 false
0.4800 0.3300 0.0300 0.0 0.0 1.0 0.027000 false
0.4800 0.3300 0.0600 0.0 0.0 1.0 0.027000 false
0.4800 0.3300 0.0900 0.0 0.0 1.0 0.027000 false
0.4800 0.3300 0.1200 0.0 0.0 1.0 0.027000 false
0.4800 0.3300 0.1500 0.0 0.0 1.0 0.027000 false
0.4800 0.3300 0.1800 0.0 0.0 1.0 0.027000 false
0.4800 0.3300 0.2100 0.0 0.0 1.0 0.027000 false
0.4800 0.3300 0.2400 0.0 0.0 1.0 0.027000 false
0.4800 0.3300 0.2700 0.0 0.0 1.0 0.027000 false
0.4800 0.3300 0.3000 0.0 0.0 1.0 0.027000 false
0.4800 0.3300 0.3300 0.0 0.0 1.0 0.027000 false
0.4800 0.3300 0.3600 0.0 0.0 1.0 0.027000 false
0.4800 0.3300 0.3900 0.0 0.0 1.0 0.027000 false
0.4800 0.3300 0.4200 0.0 0.0 1.0 0.027000 false
0.4800 0.3300 0.4500 0.0 0.0 1.0 0.027000 false
0.4800 0.3600 0.0300 0.0 0.0 1.0 0.027000 false
0.4800 0.3600 0.0600 0.0 0.0 1.0 0.027000 false
0.4800 0.3600 0.0900 0.0 0.0 1.0 0.027000 false
0.4800 0.3600 0.1200 0.0 0.0 1.0 0.027000 false
0.4800 0.3600 0.1500 0.0 0.0 1.0 0.027000 false
0.4800 0.3600 0.1800 0.0 0.0 1.0 0.027000 false
0.4800 0.3600 0.2100 0.0 0.0 1.0 0.027000 false
0.4800 0.3600 0.2400 0.0 0.0 1.0 0.027000 false
0.4800 0.3600 0.2700 0.0 0.0 1.0 0.027000 false
0.4800 0.3600 0.3000 0.0 0.0 1.0 0.027000 false
0.4800 0.3600 0.3300 0.0 0.0 1.0 0.027000 false
0.4800 0.3600 0.3600 0.0 0.0 1.0 0.027000 false
0.4800 0.3600 0.3900 0.0 0.0 1.0 0.027000 false
0.4800 0.3600 0.4200 0.0 0.0 1.0 0.027000 false
0.4800 0.3600 0.4500 0.0 0.0 1.0 0.027000 false
0.4800 0.3900 0.0300 0.0 0.0 1.0 0.027000 false
0.4800 0.3900 0.0600 0.0 0.0 1.0 0.027000 false
0.4800 0.3900 0.0900 0.0 0.0 1.0 0.027000 false
0.4800 0.3900 0.1200 0.0 0.0 1.0 0.027000 false
0.4800 0.3900 0.1500 0.0 0.0 1.0 0.027000 false
0.4800 0.3900 0.1800 0.0 0.0 1.0 0.027000 false
0.4800 0.3900 0.2100 0.0 0.0 1.0 0.027000 false
0.4800 0.3900 0.2400 0.0 0.0 1.0 0.027000 false
0.4800 0.3900 0.2700 0.0 0.0 1.0 0.027000 false
0.4800 0.3900 0.3000 0.0 0.0 1.0 0.027000 false
0.4800 0.3900 0.3300 0.0 0.0 1.0 0.027000 false
0.4800 0.3900 0.3600 0.0 0.0 1.0 0.027000 false
0.4800 0.3900 0.3900 0.0 0.0 1.0 0.027000 false
0.4800 0.3900 0.4200 0.0 0.0 1.0 0.027000 false
0.4800 0.3900 0.4500 0.0 0.0 1.0 0.027000 false
0.4800 0.4200 0.0300 0.0 0.0 1.0 0.027000 false
0.4800 0.4200 0.0600 0.0 0.0 1.0 0.027000 false
0.4800 0.4200 0.0900 0.0 0.0 1.0 0.027000 false
0.4800 0.4200 0.1200 0.0 0.0 1.0 0.027000 false
0.4800 0.4200 0.1500 0.0 0.0 1.0 0.027000 false
0.4800 0.4200 0.1800 0.0 0.0 1.0 0.027000 false
0.4800 0.4200 0.2100 0.0 0.0 1.0 0.027000 false
0.4800 0.4200 0.2400 0.0 0.0 1.0 0.027000 false
0.4800 0.4200 0.2700 0.0 0.0 1.0 0.027000 false
0.4800 0.4200 0.3000 0.0 0.0 1.0 0.027000 false
0.4800 0.4200 0.3300 0.0 0.0 1.0 0.027000 false
0.4800 0.4200 0.3600 0.0 0.0 1.0 0.027000 false
0.4800 0.4200 0.3900 0.0 0.0 1.0 0.027000 false
0.4800 0.4200 0.4200 0.0 0.0 1.0 0.027000 false
0.4800 0.4200 0.4500 0.0 0.0 1.0 0.027000 false
0.4800 0.4500 0.0300 0.0 0.0 1.0 0.027000 false
0.4800 0.4500 0.0600 0.0 0.0 1.0 0.027000 false
0.4800 0.4500 0.0900 0.0 0.0 1.0 0.027000 false
0.4800 0.4500 0.1200 0.0 0.0 1.0 0.027000 false
0.4800 0.4500 0.1500 0.0 0.0 1.0 0.027000 false
0.4800 0.4500 0.1800 0.0 0.0 1.0 0.027000 false
0.4800 0.4500 0.2100 0.0 0.0 1.0 0.027000 false
0.4800 0.4500 0.2400 0.0 0.0 1.0 0.027000 false
0.4800 0.4500 0.2700 0.0 0.0 1.0 0.027000 false
0.4800 0.4500 0.3000 0.0 0.0 1.0 0.027000 false
0.4800 0.4500 0.3300 0.0 0.0 1.0 0.027000 false
0.4800 0.4500 0.3600 0.0 0.0 1.0 0.027000 false
0.4800 0.4500 0.3900 0.0 0.0 1.0 0.027000 false
0.4800 0.4500 0.4200 0.0 0.0 1.0 0.027000 false
0.4800 0.4500 0.4500 0.0 0.0 1.0 0.027000 false
0.5100 0.0300 0.0300 0.0 0.0 1.0 0.027000 false
0.5100 0.0300 0.0600 0.0 0.0 1.0 0.027000 false
0.5100 0.0300 0.0900 0.0 0.0 1.0 0.027000 false
0.5100 0.0300 0.1200 0.0 0.0 1.0 0.027000 false
0.5100 0.0300 0.1500 0.0 0.0 1.0 0.027000 false
0.5100 0.0300 0.1800 0.0 0.0 1.0 0.027000 false
0.5100 0.0300 0.2100 0.0 0.0 1.0 0.027000 false
0.5100 0.0300 0.2400 0.0 0.0 1.0 0.027000 false
0.5100 0.0300 0.2700 0.0 0.0 1.0 0.027000 false
0.5100 0.0300 0.3000 0.0 0.0 1.0 0.027000 false
0.5100 0.0300 0.3300 0.0 0.0 1.0 0.027000 false
0.5100 0.0300 0.3600 0.0 0.0 1.0 0.027000 false
0.5100 0.0300 0.3900 0.0 0.0 1.0 0.027000 false
0.5100 0.0300 0.4200 0.0 0.0 1.0 0.027000 false
0.5100 0.0300 0.4500 0.0 0.0 1.0 0.027000 false
0.5100 0.0600 0.0300 0.0 0.0 1.0 0.027000 false
0.5100 0.0600 0.0600 0.0 0.0 1.0 0.027000 false
0.5100 0.0600 0.0900 0.0 0.0 1.0 0.027000 false
0.5100 0.0600 0.1200 0.0 0.0 1.0 0.027000 false
0.5100 0.0600 0.1500 0.0 0.0 1.0 0.027000 false
0.5100 0.0600 0.1800 0.0 0.0 1.0 0.027000 false
0.5100 0.0600 0.2100 0.0 0.0 1.0 0.027000 false
0.5100 0.0600 0.2400 0.0 0.0 1.0 0.027000 false
0.5100 0.0600 0.2700 0.0 0.0 1.0 0.027000 false
0.5100 0.0600 0.3000 0.0 0.0 1.0 0.027000 false
0.5100 0.0600 0.3300 0.0 0.0 1.0 0.027000 false
0.5100 0.0600 0.3600 0.0 0.0 1.0 0.027000 false
0.5100 0.0600 0.3900 0.0 0.0 1.0 0.027000 false
0.5100 0.0600 0.4200 0.0 0.0 1.0 0.027000 false
0.5100 0.0600 0.4500 0.0 0.0 1.0 0.027000 false
0.5100 0.0900 0.0300 0.0 0.0 1.0 0.027000 false
0.5100 0.0900 0.0600 0.0 0.0 1.0 0.027000 false
0.5100 0.0900 0.0900 0.0 0.0 1.0 0.027000 false
0.5100 0.0900 0.1200 0.0 0.0 1.0 0.027000 false
0.5100 0.0900 0.1500 0.0 0.0 1.0 0.027000 false
0.5100 0.0900 0.1800 0.0 0.0 1.0 0.027000 false
0.5100 0.0900 0.2100 0.0 0.0 1.0 0.027000 false
0.5100 0.0900 0.2400 0.0 0.0 1.0 0.027000 false
0.5100 0.0900 0.2700 0.0 0.0 1.0 0.027000 false
0.5100 0.0900 0.3000 0.0 0.0 1.0 0.027000 false
0.5100 0.0900 0.3300 0.0 0.0 1.0 0.027000 false
0.5100 0.0900 0.3600 0.0 0.0 1.0 0.027000 false
0.5100 0.0900 0.3900 0.0 0.0 1.0 0.027000 false
0.5100 0.0900 0.4200 0.0 0.0 1.0 0.027000 false
0.5100 0.0900 0.4500 0.0 0.0 1.0 0.027000 false
0.5100 0.1200 0.0300 0.0 0.0 1.0 0.027000 false
0.5100 0.1200 0.0600 0.0 0.0 1.0 0.027000 false
0.5100 0.1200 0.0900 0.0 0.0 1.0 0.027000 false
0.5100 0.1200 0.1200 0.0 0.0 1.0 0.027000 false
0.5100 0.1200 0.1500 0.0 0.0 1.0 0.027000 false
0.5100 0.1200 0.1800 0.0 0.0 1.0 0.027000 false
0.5100 0.1200 0.2100 0.0 0.0 1.0 0.027000 false
0.5100 0.1200 0.2400 0.0 0.0 1.0 0.027000 false
0.5100 0.1200 0.2700 0.0 0.0 1.0 0.027000 false
0.5100 0.1200 0.3000 0.0 0.0 1.0 0.027000 false
0.5100 0.1200 0.3300 0.0 0.0 1.0 0.027000 false
0.5100 0.1200 0.3600 0.0 0.0 1.0 0.027000 false
0.5100 0.1200 0.3900 0.0 0.0 1.0 0.027000 false
0.5100 0.1200 0.4200 0.0 0.0 1.0 0.027000 false
0.5100 0.1200 0.4500 0.0 0.0 1.0 0.027000 false
0.5100 0.1500 0.0300 0.0 0.0 1.0 0.027000 false
0.5100 0.1500 0.0600 0.0 0.0 1.0 0.027000 false
0.5100 0.1500 0.0900 0.0 0.0 1.0 0.027000 false
0.5100 0.1500 0.1200 0.0 0.0 1.0 0.027000 false
0.5100 0.1500 0.1500 0.0 0.0 1.0 0.027000 false
0.5100 0.1500 0.1800 0.0 0.0 1.0 0.027000 false
0.5100 0.1500 0.2100 0.0 0.0 1.0 0.027000 false
0.5100 0.1500 0.2400 0.0 0.0 1.0 0.027000 false
0.5100 0.1500 0.2700 0.0 0.0 1.0 0.027000 false
0.5100 0.1500 0.3000 0.0 0.0 1.0 0.027000 false
0.5100 0.1500 0.3300 0.0 0.0 1.0 0.027000 false
0.5100 0.1500 0.3600 0.0 0.0 1.0 0.027000 false
0.5100 0.1500 0.3900 0.0 0.0 1.0 0.027000 false
0.5100 0.1500 0.4200 0.0 0.0 1.0 0.027000 false
0.5100 0.1500 0.4500 0.0 0.0 1.0 0.027000 false
0.5100 0.1800 0.0300 0.0 0.0 1.0 0.027000 false
0.5100 0.1800 0.0600 0.0 0.0 1.0 0.027000 false
0.5100 0.1800 0.0900 0.0 0.0 1.0 0.027000 false
0.5100 0.1800 0.1200 0.0 0.0 1.0 0.027000 false
0.5100 0.1800 0.1500 0.0 0.0 1.0 0.027000 false
0.5100 0.1800 0.1800 0.0 0.0 1.0 0.027000 false
0.5100 0.1800 0.2100 0.0 0.0 1.0 0.027000 false
0.5100 0.1800 0.2400 0.0 0.0 1.0 0.027000 false
0.5100 0.1800 0.2700 0.0 0.0 1.0 0.027000 false
0.5100 0.1800 0.3000 0.0 0.0 1.0 0.027000 false
0.5100 0.1800 0.3300 0.0 0.0 1.0 0.027000 false
0.5100 0.1800 0.3600 0.0 0.0 1.0 0.027000 false
0.5100 0.1800 0.3900 0.0 0.0 1.0 0.027000 false
0.5100 0.1800 0.4200 0.0 0.0 1.0 0.027000 false
0.5100 0.1800 0.4500 0.0 0.0 1.0 0.027000 false
0.5100 0.2100 0.0300 0.0 0.0 1.0 0.027000 false
0.5100 0.2100 0.0600 0.0 0.0 1.0 0.027000 false
0.5100 0.2100 0.0900 0.0 0.0 1.0 0.027000 false
0.5100 0.2100 0.1200 0.0 0.0 1.0 0.027000 false
0.5100 0.2100 0.1500 0.0 0.0 1.0 0.027000 false
0.5100 0.2100 0.1800 0.0 0.0 1.0 0.027000 false
0.5100 0.2100 0.2100 0.0 0.0 1.0 0.027000 false
0.5100 0.2100 0.2400 0.0 0.0 1.0 0.027000 false
0.5100 0.2100 0.2700 0.0 0.0 1.0 0.027000 false
0.5100 0.2100 0.3000 0.0 0.0 1.0 0.027000 false
0.5100 0.2100 0.3300 0.0 0.0 1.0 0.027000 false
0.5100 0.2100 0.3600 0.0 0.0 1.0 0.027000 false
0.5100 0.2100 0.3900 0.0 0.0 1.0 0.027000 false
0.5100 0.2100 0.4200 0.0 0.0 1.0 0.027000 false
0.5100 0.2100 0.4500 0.0 0.0 1.0 0.027000 false
0.5100 0.2400 0.0300 0.0 0.0 1.0 0.027000 false
0.5100 0.2400 0.0600 0.0 0.0 1.0 0.027000 false
0.5100 0.2400 0.0900 0.0 0.0 1.0 0.027000 false
0.5100 0.2400 0.1200 0.0 0.0 1.0 0.027000 false
0.5100 0.2400 0.1500 0.0 0.0 1.0 0.027000 false
0.5100 0.2400 0.1800 0.0 0.0 1.0 0.027000 false
0.5100 0.2400 0.2100 0.0 0.0 1.0 0.027000 false
0.5100 0.2400 0.2400 0.0 0.0 1.0 0.027000 false
0.5100 0.2400 0.2700 0.0 0.0 1.0 0.027000 false
0.5100 0.2400 0.3000 0.0 0.0 1.0 0.027000 false
0.5100 0.2400 0.3300 0.0 0.0 1.0 0.027000 false
0.5100 0.2400 0.3600 0.0 0.0 1.0 0.027000 false
0.5100 0.2400 0.3900 0.0 0.0 1.0 0.027000 false
0.5100 0.2400 0.4200 0.0 0.0 1.0 0.027000 false
0.5100 0.2400 0.4500 0.0 0.0 1.0 0.027000 false
0.5100 0.2700 0.0300 0.0 0.0 1.0 0.027000 false
0.5100 0.2700 0.0600 0.0 0.0 1.0 0.027000 false
0.5100 0.2700 0.0900 0.0 0.0 1.0 0.027000 false
0.5100 0.2700 0.1200 0.0 0.0 1.0 0.027000 false
0.5100 0.2700 0.1500 0.0 0.0 1.0 0.027000 false
0.5100 0.2700 0.1800 0.0 0.0 1.0 0.027000 false
0.5100 0.2700 0.2100 0.0 0.0 1.0 0.027000 false
0.5100 0.2700 0.2400 0.0 0.0 1.0 0.027000 false
0.5100 0.2700 0.2700 0.0 0.0 1.0 0.027000 false
0.5100 0.2700 0.3000 0.0 0.0 1.0 0.027000 false
0.5100 0.2700 0.3300 0.0 0.0 1.0 0.027000 false
0.5100 0.2700 0.3600 0.0 0.0 1.0 0.027000 false
0.5100 0.2700 0.3900 0.0 0.0 1.0 0.027000 false
0.5100 0.2700 0.4200 0.0 0.0 1.0 0.027000 false
0.5100 0.2700 0.4500 0.0 0.0 1.0 0.027000 false
0.5100 0.3000 0.0300 0.0 0.0 1.0 0.027000 false
0.5100 0.3000 0.0600 0.0 0.0 1.0 0.027000 false
0.5100 0.3000 0.0900 0.0 0.0 1.0 0.027000 false
0.5100 0.3000 0.1200 0.0 0.0 1.0 0.027000 false
0.5100 0.3000 0.1500 0.0 0.0 1.0 0.027000 false
0.5100 0.3000 0.1800 0.0 0.0 1.0 0.027000 false
0.5100 0.3000 0.2100 0.0 0.0 1.0 0.027000 false
0.5100 0.3000 0.2400 0.0 0.0 1.0 0.027000 false
0.5100 0.3000 0.2700 0.0 0.0 1.0 0.027000 false
0.5100 0.3000 0.3000 0.0 0.0 1.0 0.027000 false
0.5100 0.3000 0.3300 0.0 0.0 1.0 0.027000 false
0.5100 0.3000 0.3600 0.0 0.0 1.0 0.027000 false
0.5100 0.3000 0.3900 0.0 0.0 1.0 0.027000 false
0.5100 0.3000 0.4200 0.0 0.0 1.0 0.027000 false
0.5100 0.3000 0.4500 0.0 0.0 1.0 0.027000 false
0.5100 0.3300 0.0300 0.0 0.0 1.0 0.027000 false
0.5100 0.3300 0.0600 0.0 0.0 1.0 0.027000 false
0.5100 0.3300 0.0900 0.0 0.0 1.0 0.027000 false
0.5100 0.3300 0.1200 0.0 0.0 1.0 0.027000 false
0.5100 0.3300 0.1500 0.0 0.0 1.0 0.027000 false
0.5100 0.3300 0.1800 0.0 0.0 1.0 0.027000 false
0.5100 0.3300 0.2100 0.0 0.0 1.0 0.027000 false
0.5100 0.3300 0.2400 0.0 0.0 1.0 0.027000 false
0.5100 0.3300 0.2700 0.0 0.0 1.0 0.027000 false
0.5100 0.3300 0.3000 0.0 0.0 1.0 0.027000 false
0.5100 0.3300 0.3300 0.0 0.0 1.0 0.027000 false
0.5100 0.3300 0.3600 0.0 0.0 1.0 0.027000 false
0.5100 0.3300 0.3900 0.0 0.0 1.0 0.027000 false
0.5100 0.3300 0.4200 0.0 0.0 1.0 0.027000 false
0.5100 0.3300 0.4500 0.0 0.0 1.0 0.027000 false
0.5100 0.3600 0.0300 0.0 0.0 1.0 0.027000 false
0.5100 0.3600 0.0600 0.0 0.0 1.0 0.027000 false
0.5100 0.3600 0.0900 0.0 0.0 1.0 0.027000 false
0.5100 0.3600 0.1200 0.0 0.0 1.0 0.027000 false
0.5100 0.3600 0.1500 0.0 0.0 1.0 0.027000 false
0.5100 0.3600 0.1800 0.0 0.0 1.0 0.027000 false
0.5100 0.3600 0.2100 0.0 0.0 1.0 0.027000 false
0.5100 0.3600 0.2400 0.0 0.0 1.0 0.027000 false
0.5100 0.3600 0.2700 0.0 0.0 1.0 0.027000 false
0.5100 0.3600 0.3000 0.0 0.0 1.0 0.027000 false
0.5100 0.3600 0.3300 0.0 0.0 1.0 0.027000 false
0.5100 0.3600 0.3600 0.0 0.0 1.0 0.027000 false
0.5100 0.3600 0.3900 0.0 0.0 1.0 0.027000 false
0.5100 0.3600 0.4200 0.0 0.0 1.0 0.027000 false
0.5100 0.3600 0.4500 0.0 0.0 1.0 0.027000 false
0.5100 0.3900 0.0300 0.0 0.0 1.0 0.027000 false
0.5100 0.3900 0.0600 0.0 0.0 1.0 0.027000 false
0.5100 0.3900 0.0900 0.0 0.0 1.0 0.027000 false
0.5100 0.3900 0.1200 0.0 0.0 1.0 0.027000 false
0.5100 0.3900 0.1500 0.0 0.0 1.0 0.027000 false
0.5100 0.3900 0.1800 0.0 0.0 1.0 0.027000 false
0.5100 0.3900 0.2100 0.0 0.0 1.0 0.027000 false
0.5100 0.3900 0.2400 0.0 0.0 1.0 0.027000 false
0.5100 0.3900 0.2700 0.0 0.0 1.0 0.027000 false
0.5100 0.3900 0.3000 0.0 0.0 1.0 0.027000 false
0.5100 0.3900 0.3300 0.0 0.0 1.0 0.027000 false
0.5100 0.3900 0.3600 0.0 0.0 1.0 0.027000 false
0.5100 0.3900 0.3900 0.0 0.0 1.0 0.027000 false
0.5100 0.3900 0.4200 0.0 0.0 1.0 0.027000 false
0.5100 0.3900 0.4500 0.0 0.0 1.0 0.027000 false
0.5100 0.4200 0.0300 0.0 0.0 1.0 0.027000 false
0.5100 0.4200 0.0600 0.0 0.0 1.0 0.027000 false
0.5100 0.4200 0.0900 0.0 0.0 1.0 0.027000 false
0.5100 0.4200 0.1200 0.0 0.0 1.0 0.027000 false
0.5100 0.4200 0.1500 0.0 0.0 1.0 0.027000 false
0.5100 0.4200 0.1800 0.0 0.0 1.0 0.027000 false
0.5100 0.4200 0.2100 0.0 0.0 1.0 0.027000 false
0.5100 0.4200 0.2400 0.0 0.0 1.0 0.027000 false
0.5100 0.4200 0.2700 0.0 0.0 1.0 0.027000 false
0.5100 0.4200 0.3000 0.0 0.0 1.0 0.027000 false
0.5100 0.4200 0.3300 0.0 0.0 1.0 0.027000 false
0.5100 0.4200 0.3600 0.0 0.0 1.0 0.027000 false
0.5100 0.4200 0.3900 0.0 0.0 1.0 0.027000 false
0.5100 0.4200 0.4200 0.0 0.0 1.0 0.027000 false
0.5100 0.4200 0.4500 0.0 0.0 1.0 0.027000 false
0.5100 0.4500 0.0300 0.0 0.0 1.0 0.027000 false
0.5100 0.4500 0.0600 0.0 0.0 1.0 0.027000 false
0.5100 0.4500 0.0900 0.0 0.0 1.0 0.027000 false
0.5100 0.4500 0.1200 0.0 0.0 1.0 0.027000 false
0.5100 0.4500 0.1500 0.0 0.0 1.0 0.027000 false
0.5100 0.4500 0.1800 0.0 0.0 1.0 0.027000 false
0.5100 0.4500 0.2100 0.0 0.0 1.0 0.027000 false
0.5100 0.4500 0.2400 0.0 0.0 1.0 0.027000 false
0.5100 0.4500 0.2700 0.0 0.0 1.0 0.027000 false
0.5100 0.4500 0.3000 0.0 0.0 1.0 0.027000 false
0.5100 0.4500 0.3300 0.0 0.0 1.0 0.027000 false
0.5100 0.4500 0.3600 0.0 0.0 1.0 0.027000 false
0.5100 0.4500 0.3900 0.0 0.0 1.0 0.027000 false
0.5100 0.4500 0.4200 0.0 0.0 1.0 0.027000 false
0.5100 0.4500 0.4500 0.0 0.0 1.0 0.027000 false
0.5400 0.0300 0.0300 0.0 0.0 1.0 0.027000 false
0.5400 0.0300 0.0600 0.0 0.0 1.0 0.027000 false
0.5400 0.0300 0.0900 0.0 0.0 1.0 0.027000 false
0.5400 0.0300 0.1200 0.0 0.0 1.0 0.027000 false
0.5400 0.0300 0.1500 0.0 0.0 1.0 0.027000 false
0.5400 0.0300 0.1800 0.0 0.0 1.0 0.027000 false
0.5400 0.0300 0.2100 0.0 0.0 1.0 0.027000 false
0.5400 0.0300 0.2400 0.0 0.0 1.0 0.027000 false
0.5400 0.0300 0.2700 0.0 0.0 1.0 0.027000 false
0.5400 0.0300 0.3000 0.0 0.0 1.0 0.027000 false
0.5400 0.0300 0.3300 0.0 0.0 1.0 0.027000 false
0.5400 0.0300 0.3600 0.0 0.0 1.0 0.027000 false
0.5400 0.0300 0.3900 0.0 0.0 1.0 0.027000 false
0.5400 0.0300 0.4200 0.0 0.0 1.0 0.027000 false
0.5400 0.0300 0.4500 0.0 0.0 1.0 0.027000 false
0.5400 0.0600 0.0300 0.0 0.0 1.0 0.027000 false
0.5400 0.0600 0.0600 0.0 0.0 1.0 0.027000 false
0.5400 0.0600 0.0900 0.0 0.0 1.0 0.027000 false
0.5400 0.0600 0.1200 0.0 0.0 1.0 0.027000 false
0.5400 0.0600 0.1500 0.0 0.0 1.0 0.027000 false
0.5400 0.0600 0.1800 0.0 0.0 1.0 0.027000 false
0.5400 0.0600 0.2100 0.0 0.0 1.0 0.027000 false
0.5400 0.0600 0.2400 0.0 0.0 1.0 0.027000 false
0.5400 0.0600 0.2700 0.0 0.0 1.0 0.027000 false
0.5400 0.0600 0.3000 0.0 0.0 1.0 0.027000 false
0.5400 0.0600 0.3300 0.0 0.0 1.0 0.027000 false
0.5400 0.0600 0.3600 0.0 0.0 1.0 0.027000 false
0.5400 0.0600 0.3900 0.0 0.0 1.0 0.027000 false
0.5400 0.0600 0.4200 0.0 0.0 1.0 0.027000 false
0.5400 0.0600 0.4500 0.0 0.0 1.0 0.027000 false
0.5400 0.0900 0.0300 0.0 0.0 1.0 0.027000 false
0.5400 0.0900 0.0600 0.0 0.0 1.0 0.027000 false
0.5400 0.0900 0.0900 0.0 0.0 1.0 0.027000 false
0.5400 0.0900 0.1200 0.0 0.0 1.0 0.027000 false
0.5400 0.0900 0.1500 0.0 0.0 1.0 0.027000 false
0.5400 0.0900 0.1800 0.0 0.0 1.0 0.027000 false
0.5400 0.0900 0.2100 0.0 0.0 1.0 0.027000 false
0.5400 0.0900 0.2400 0.0 0.0 1.0 0.027000 false
0.5400 0.0900 0.2700 0.0 0.0 1.0 0.027000 false
0.5400 0.0900 0.3000 0.0 0.0 1.0 0.027000 false
0.5400 0.0900 0.3300 0.0 0.0 1.0 0.027000 false
0.5400 0.0900 0.3600 0.0 0.0 1.0 0.027000 false
0.5400 0.0900 0.3900 0.0 0.0 1.0 0.027000 false
0.5400 0.0900 0.4200 0.0 0.0 1.0 0.027000 false
0.5400 0.0900 0.4500 0.0 0.0 1.0 0.027000 false
0.5400 0.1200 0.0300 0.0 0.0 1.0 0.027000 false
0.5400 0.1200 0.0600 0.0 0.0 1.0 0.027000 false
0.5400 0.1200 0.0900 0.0 0.0 1.0 0.027000 false
0.5400 0.1200 0.1200 0.0 0.0 1.0 0.027000 false
0.5400 0.1200 0.1500 0.0 0.0 1.0 0.027000 false
0.5400 0.1200 0.1800 0.0 0.0 1.0 0.027000 false
0.5400 0.1200 0.2100 0.0 0.0 1.0 0.027000 false
0.5400 0.1200 0.2400 0.0 0.0 1.0 0.027000 false
0.5400 0.1200 0.2700 0.0 0.0 1.0 0.027000 false
0.5400 0.1200 0.3000 0.0 0.0 1.0 0.027000 false
0.5400 0.1200 0.3300 0.0 0.0 1.0 0.027000 false
0.5400 0.1200 0.3600 0.0 0.0 1.0 0.027000 false
0.5400 0.1200 0.3900 0.0 0.0 1.0 0.027000 false
0.5400 0.1200 0.4200 0.0 0.0 1.0 0.027000 false
0.5400 0.1200 0.4500 0.0 0.0 1.0 0.027000 false
0.5400 0.1500 0.0300 0.0 0.0 1.0 0.027000 false
0.5400 0.1500 0.0600 0.0 0.0 1.0 0.027000 false
0.5400 0.1500 0.0900 0.0 0.0 1.0 0.027000 false
0.5400 0.1500 0.1200 0.0 0.0 1.0 0.027000 false
0.5400 0.1500 0.1500 0.0 0.0 1.0 0.027000 false
0.5400 0.1500 0.1800 0.0 0.0 1.0 0.027000 false
0.5400 0.1500 0.2100 0.0 0.0 1.0 0.027000 false
0.5400 0.1500 0.2400 0.0 0.0 1.0 0.027000 false
0.5400 0.1500 0.2700 0.0 0.0 1.0 0.027000 false
0.5400 0.1500 0.3000 0.0 0.0 1.0 0.027000 false
0.5400 0.1500 0.3300 0.0 0.0 1.0 0.027000 false
0.5400 0.1500 0.3600 0.0 0.0 1.0 0.027000 false
0.5400 0.1500 0.3900 0.0 0.0 1.0 0.027000 false
0.5400 0.1500 0.4200 0.0 0.0 1.0 0.027000 false
0.5400 0.1500 0.4500 0.0 0.0 1.0 0.027000 false
0.5400 0.1800 0.0300 0.0 0.0 1.0 0.027000 false
0.5400 0.1800 0.0600 0.0 0.0 1.0 0.027000 false
0.5400 0.1800 0.0900 0.0 0.0 1.0 0.027000 false
0.5400 0.1800 0.1200 0.0 0.0 1.0 0.027000 false
0.5400 0.1800 0.1500 0.0 0.0 1.0 0.027000 false
0.5400 0.1800 0.1800 0.0 0.0 1.0 0.027000 false
0.5400 0.1800 0.2100 0.0 0.0 1.0 0.027000 false
0.5400 0.1800 0.2400 0.0 0.0 1.0 0.027000 false
0.5400 0.1800 0.2700 0.0 0.0 1.0 0.027000 false
0.5400 0.1800 0.3000 0.0 0.0 1.0 0.027000 false
0.5400 0.1800 0.3300 0.0 0.0 1.0 0.027000 false
0.5400 0.1800 0.3600 0.0 0.0 1.0 0.027000 false
0.5400 0.1800 0.3900 0.0 0.0 1.0 0.027000 false
0.5400 0.1800 0.4200 0.0 0.0 1.0 0.027000 false
0.5400 0.1800 0.4500 0.0 0.0 1.0 0.027000 false
0.5400 0.2100 0.0300 0.0 0.0 1.0 0.027000 false
0.5400 0.2100 0.0600 0.0 0.0 1.0 0.027000 false
0.5400 0.2100 0.0900 0.0 0.0 1.0 0.027000 false
0.5400 0.2100 0.1200 0.0 0.0 1.0 0.027000 false
0.5400 0.2100 0.1500 0.0 0.0 1.0 0.027000 false
0.5400 0.2100 0.1800 0.0 0.0 1.0 0.027000 false
0.5400 0.2100 0.2100 0.0 0.0 1.0 0.027000 false
0.5400 0.2100 0.2400 0.0 0.0 1.0 0.027000 false
0.5400 0.2100 0.2700 0.0 0.0 1.0 0.027000 false
0.5400 0.2100 0.3000 0.0 0.0 1.0 0.027000 false
0.5400 0.2100 0.3300 0.0 0.0 1.0 0.027000 false
0.5400 0.2100 0.3600 0.0 0.0 1.0 0.027000 false
0.5400 0.2100 0.3900 0.0 0.0 1.0 0.027000 false
0.5400 0.2100 0.4200 0.0 0.0 1.0 0.027000 false
0.5400 0.2100 0.4500 0.0 0.0 1.0 0.027000 false
0.5400 0.2400 0.0300 0.0 0.0 1.0 0.027000 false
0.5400 0.2400 0.0600 0.0 0.0 1.0 0.027000 false
0.5400 0.2400 0.0900 0.0 0.0 1.0 0.027000 false
0.5400 0.2400 0.1200 0.0 0.0 1.0 0.027000 false
0.5400 0.2400 0.1500 0.0 0.0 1.0 0.027000 false
0.5400 0.2400 0.1800 0.0 0.0 1.0 0.027000 false
0.5400 0.2400 0.2100 0.0 0.0 1.0 0.027000 false
0.5400 0.2400 0.2400 0.0 0.0 1.0 0.027000 false
0.5400 0.2400 0.2700 0.0 0.0 1.0 0.027000 false
0.5400 0.2400 0.3000 0.0 0.0 1.0 0.027000 false
0.5400 0.2400 0.3300 0.0 0.0 1.0 0.027000 false
0.5400 0.2400 0.3600 0.0 0.0 1.0 0.027000 false
0.5400 0.2400 0.3900 0.0 0.0 1.0 0.027000 false
0.5400 0.2400 0.4200 0.0 0.0 1.0 0.027000 false
0.5400 0.2400 0.4500 0.0 0.0 1.0 0.027000 false
0.5400 0.2700 0.0300 0.0 0.0 1.0 0.027000 false
0.5400 0.2700 0.0600 0.0 0.0 1.0 0.027000 false
0.5400 0.2700 0.0900 0.0 0.0 1.0 0.027000 false
0.5400 0.2700 0.1200 0.0 0.0 1.0 0.027000 false
0.5400 0.2700 0.1500 0.0 0.0 1.0 0.027000 false
0.5400 0.2700 0.1800 0.0 0.0 1.0 0.027000 false
0.5400 0.2700 0.2100 0.0 0.0 1.0 0.027000 false
0.5400 0.2700 0.2400 0.0 0.0 1.0 0.027000 false
0.5400 0.2700 0.2700 0.0 0.0 1.0 0.027000 false
0.5400 0.2700 0.3000 0.0 0.0 1.0 0.027000 false
0.5400 0.2700 0.3300 0.0 0.0 1.0 0.027000 false
0.5400 0.2700 0.3600 0.0 0.0 1.0 0.027000 false
0.5400 0.2700 0.3900 0.0 0.0 1.0 0.027000 false
0.5400 0.2700 0.4200 0.0 0.0 1.0 0.027000 false
0.5400 0.2700 0.4500 0.0 0.0 1.0 0.027000 false
0.5400 0.3000 0.0300 0.0 0.0 1.0 0.027000 false
0.5400 0.3000 0.0600 0.0 0.0 1.0 0.027000 false
0.5400 0.3000 0.0900 0.0 0.0 1.0 0.027000 false
0.5400 0.3000 0.1200 0.0 0.0 1.0 0.027000 false
0.5400 0.3000 0.1500 0.0 0.0 1.0 0.027000 false
0.5400 0.3000 0.1800 0.0 0.0 1.0 0.027000 false
0.5400 0.3000 0.2100 0.0 0.0 1.0 0.027000 false
0.5400 0.3000 0.2400 0.0 0.0 1.0 0.027000 false
0.5400 0.3000 0.2700 0.0 0.0 1.0 0.027000 false
0.5400 0.3000 0.3000 0.0 0.0 1.0 0.027000 false
0.5400 0.3000 0.3300 0.0 0.0 1.0 0.027000 false
0.5400 0.3000 0.3600 0.0 0.0 1.0 0.027000 false
0.5400 0.3000 0.3900 0.0 0.0 1.0 0.027000 false
0.5400 0.3000 0.4200 0.0 0.0 1.0 0.027000 false
0.5400 0.3000 0.4500 0.0 0.0 1.0 0.027000 false
0.5400 0.3300 0.0300 0.0 0.0 1.0 0.027000 false
0.5400 0.3300 0.0600 0.0 0.0 1.0 0.027000 false
0.5400 0.3300 0.0900 0.0 0.0 1.0 0.027000 false
0.5400 0.3300 0.1200 0.0 0.0 1.0 0.027000 false
0.5400 0.3300 0.1500 0.0 0.0 1.0 0.027000 false
0.5400 0.3300 0.1800 0.0 0.0 1.0 0.027000 false
0.5400 0.3300 0.2100 0.0 0.0 1.0 0.027000 false
0.5400 0.3300 0.2400 0.0 0.0 1.0 0.027000 false
0.5400 0.3300 0.2700 0.0 0.0 1.0 0.027000 false
0.5400 0.3300 0.3000 0.0 0.0 1.0 0.027000 false
0.5400 0.3300 0.3300 0.0 0.0 1.0 0.027000 false
0.5400 0.3300 0.3600 0.0 0.0 1.0 0.027000 false
0.5400 0.3300 0.3900 0.0 0.0 1.0 0.027000 false
0.5400 0.3300 0.4200 0.0 0.0 1.0 0.027000 false
0.5400 0.3300 0.4500 0.0 0.0 1.0 0.027000 false
0.5400 0.3600 0.0300 0.0 0.0 1.0 0.027000 false
0.5400 0.3600 0.0600 0.0 0.0 1.0 0.027000 false
0.5400 0.3600 0.0900 0.0 0.0 1.0 0.027000 false
0.5400 0.3600 0.1200 0.0 0.0 1.0 0.027000 false
0.5400 0.3600 0.1500 0.0 0.0 1.0 0.027000 false
0.5400 0.3600 0.1800 0.0 0.0 1.0 0.027000 false
0.5400 0.3600 0.2100 0.0 0.0 1.0 0.027000 false
0.5400 0.3600 0.2400 0.0 0.0 1.0 0.027000 false
0.5400 0.3600 0.2700 0.0 0.0 1.0 0.027000 false
0.5400 0.3600 0.3000 0.0 0.0 1.0 0.027000 false
0.5400 0.3600 0.3300 0.0 0.0 1.0 0.027000 false
0.5400 0.3600 0.3600 0.0 0.0 1.0 0.027000 false
0.5400 0.3600 0.3900 0.0 0.0 1.0 0.027000 false
0.5400 0.3600 0.4200 0.0 0.0 1.0 0.027000 false
0.5400 0.3600 0.4500 0.0 0.0 1.0 0.027000 false
0.5400 0.3900 0.0300 0.0 0.0 1.0 0.027000 false
0.5400 0.3900 0.0600 0.0 0.0 1.0 0.027000 false
0.5400 0.3900 0.0900 0.0 0.0 1.0 0.027000 false
0.5400 0.3900 0.1200 0.0 0.0 1.0 0.027000 false
0.5400 0.3900 0.1500 0.0 0.0 1.0 0.027000 false
0.5400 0.3900 0.1800 0.0 0.0 1.0 0.027000 false
0.5400 0.3900 0.2100 0.0 0.0 1.0 0.027000 false
0.5400 0.3900 0.2400 0.0 0.0 1.0 0.027000 false
0.5400 0.3900 0.2700 0.0 0.0 1.0 0.027000 false
0.5400 0.3900 0.3000 0.0 0.0 1.0 0.027000 false
0.5400 0.3900 0.3300 0.0 0.0 1.0 0.027000 false
0.5400 0.3900 0.3600 0.0 0.0 1.0 0.027000 false
0.5400 0.3900 0.3900 0.0 0.0 1.0 0.027000 false
0.5400 0.3900 0.4200 0.0 0.0 1.0 0.027000 false
0.5400 0.3900 0.4500 0.0 0.0 1.0 0.027000 false
0.5400 0.4200 0.0300 0.0 0.0 1.0 0.027000 false
0.5400 0.4200 0.0600 0.0 0.0 1.0 0.027000 false
0.5400 0.4200 0.0900 0.0 0.0 1.0 0.027000 false
0.5400 0.4200 0.1200 0.0 0.0 1.0 0.027000 false
0.5400 0.4200 0.1500 0.0 0.0 1.0 0.027000 false
0.5400 0.4200 0.1800 0.0 0.0 1.0 0.027000 false
0.5400 0.4200 0.2100 0.0 0.0 1.0 0.027000 false
0.5400 0.4200 0.2400 0.0 0.0 1.0 0.027000 false
0.5400 0.4200 0.2700 0.0 0.0 1.0 0.027000 false
0.5400 0.4200 0.3000 0.0 0.0 1.0 0.027000 false
0.5400 0.4200 0.3300 0.0 0.0 1.0 0.027000 false
0.5400 0.4200 0.3600 0.0 0.0 1.0 0.027000 false
0.5400 0.4200 0.3900 0.0 0.0 1.0 0.027000 false
0.5400 0.4200 0.4200 0.0 0.0 1.0 0.027000 false
0.5400 0.4200 0.4500 0.0 0.0 1.0 0.027000 false
0.5400 0.4500 0.0300 0.0 0.0 1.0 0.027000 false
0.5400 0.4500 0.0600 0.0 0.0 1.0 0.027000 false
0.5400 0.4500 0.0900 0.0 0.0 1.0 0.027000 false
0.5400 0.4500 0.1200 0.0 0.0 1.0 0.027000 false
0.5400 0.4500 0.1500 0.0 0.0 1.0 0.027000 false
0.5400 0.4500 0.1800 0.0 0.0 1.0 0.027000 false
0.5400 0.4500 0.2100 0.0 0.0 1.0 0.027000 false
0.5400 0.4500 0.2400 0.0 0.0 1.0 0.027000 false
0.5400 0.4500 0.2700 0.0 0.0 1.0 0.027000 false
0.5400 0.4500 0.3000 0.0 0.0 1.0 0.027000 false
0.5400 0.4500 0.3300 0.0 0.0 1.0 0.027000 false
0.5400 0.4500 0.3600 0.0 0.0 1.0 0.027000 false
0.5400 0.4500 0.3900 0.0 0.0 1.0 0.027000 false
0.5400 0.4500 0.4200 0.0 0.0 1.0 0.027000 false
0.5400 0.4500 0.4500 0.0 0.0 1.0 0.027000 false
0.5700 0.0300 0.0300 0.0 0.0 1.0 0.027000 false
0.5700 0.0300 0.0600 0.0 0.0 1.0 0.027000 false
0.5700 0.0300 0.0900 0.0 0.0 1.0 0.027000 false
0.5700 0.0300 0.1200 0.0 0.0 1.0 0.027000 false
0.5700 0.0300 0.1500 0.0 0.0 1.0 0.027000 false
0.5700 0.0300 0.1800 0.0 0.0 1.0 0.027000 false
0.5700 0.0300 0.2100 0.0 0.0 1.0 0.027000 false
0.5700 0.0300 0.2400 0.0 0.0 1.0 0.027000 false
0.5700 0.0300 0.2700 0.0 0.0 1.0 0.027000 false
0.5700 0.0300 0.3000 0.0 0.0 1.0 0.027000 false
0.5700 0.0300 0.3300 0.0 0.0 1.0 0.027000 false
0.5700 0.0300 0.3600 0.0 0.0 1.0 0.027000 false
0.5700 0.0300 0.3900 0.0 0.0 1.0 0.027000 false
0.5700 0.0300 0.4200 0.0 0.0 1.0 0.027000 false
0.5700 0.0300 0.4500 0.0 0.0 1.0 0.027000 false
0.5700 0.0600 0.0300 0.0 0.0 1.0 0.027000 false
0.5700 0.0600 0.0600 0.0 0.0 1.0 0.027000 false
0.5700 0.0600 0.0900 0.0 0.0 1.0 0.027000 false
0.5700 0.0600 0.1200 0.0 0.0 1.0 0.027000 false
0.5700 0.0600 0.1500 0.0 0.0 1.0 0.027000 false
0.5700 0.0600 0.1800 0.0 0.0 1.0 0.027000 false
0.5700 0.0600 0.2100 0.0 0.0 1.0 0.027000 false
0.5700 0.0600 0.2400 0.0 0.0 1.0 0.027000 false
0.5700 0.0600 0.2700 0.0 0.0 1.0 0.027000 false
0.5700 0.0600 0.3000 0.0 0.0 1.0 0.027000 false
0.5700 0.0600 0.3300 0.0 0.0 1.0 0.027000 false
0.5700 0.0600 0.3600 0.0 0.0 1.0 0.027000 false
0.5700 0.0600 0.3900 0.0 0.0 1.0 0.027000 false
0.5700 0.0600 0.4200 0.0 0.0 1.0 0.027000 false
0.5700 0.0600 0.4500 0.0 0.0 1.0 0.027000 false
0.5700 0.0900 0.0300 0.0 0.0 1.0 0.027000 false
0.5700 0.0900 0.0600 0.0 0.0 1.0 0.027000 false
0.5700 0.0900 0.0900 0.0 0.0 1.0 0.027000 false
0.5700 0.0900 0.1200 0.0 0.0 1.0 0.027000 false
0.5700 0.0900 0.1500 0.0 0.0 1.0 0.027000 false
0.5700 0.0900 0.1800 0.0 0.0 1.0 0.027000 false
0.5700 0.0900 0.2100 0.0 0.0 1.0 0.027000 false
0.5700 0.0900 0.2400 0.0 0.0 1.0 0.027000 false
0.5700 0.0900 0.2700 0.0 0.0 1.0 0.027000 false
0.5700 0.0900 0.3000 0.0 0.0 1.0 0.027000 false
0.5700 0.0900 0.3300 0.0 0.0 1.0 0.027000 false
0.5700 0.0900 0.3600 0.0 0.0 1.0 0.027000 false
0.5700 0.0900 0.3900 0.0 0.0 1.0 0.027000 false
0.5700 0.0900 0.4200 0.0 0.0 1.0 0.027000 false
0.5700 0.0900 0.4500 0.0 0.0 1.0 0.027000 false
0.5700 0.1200 0.0300 0.0 0.0 1.0 0.027000 false
0.5700 0.1200 0.0600 0.0 0.0 1.0 0.027000 false
0.5700 0.1200 0.0900 0.0 0.0 1.0 0.027000 false
0.5700 0.1200 0.1200 0.0 0.0 1.0 0.027000 false
0.5700 0.1200 0.1500 0.0 0.0 1.0 0.027000 false
0.5700 0.1200 0.1800 0.0 0.0 1.0 0.027000 false
0.5700 0.1200 0.2100 0.0 0.0 1.0 0.027000 false
0.5700 0.1200 0.2400 0.0 0.0 1.0 0.027000 false
0.5700 0.1200 0.2700 0.0 0.0 1.0 0.027000 false
0.5700 0.1200 0.3000 0.0 0.0 1.0 0.027000 false
0.5700 0.1200 0.3300 0.0 0.0 1.0 0.027000 false
0.5700 0.1200 0.3600 0.0 0.0 1.0 0.027000 false
0.5700 0.1200 0.3900 0.0 0.0 1.0 0.027000 false
0.5700 0.1200 0.4200 0.0 0.0 1.0 0.027000 false
0.5700 0.1200 0.4500 0.0 0.0 1.0 0.027000 false
0.5700 0.1500 0.0300 0.0 0.0 1.0 0.027000 false
0.5700 0.1500 0.0600 0.0 0.0 1.0 0.027000 false
0.5700 0.1500 0.0900 0.0 0.0 1.0 0.027000 false
0.5700 0.1500 0.1200 0.0 0.0 1.0 0.027000 false
0.5700 0.1500 0.1500 0.0 0.0 1.0 0.027000 false
0.5700 0.1500 0.1800 0.0 0.0 1.0 0.027000 false
0.5700 0.1500 0.2100 0.0 0.0 1.0 0.027000 false
0.5700 0.1500 0.2400 0.0 0.0 1.0 0.027000 false
0.5700 0.1500 0.2700 0.0 0.0 1.0 0.027000 false
0.5700 0.1500 0.3000 0.0 0.0 1.0 0.027000 false
0.5700 0.1500 0.3300 0.0 0.0 1.0 0.027000 false
0.5700 0.1500 0.3600 0.0 0.0 1.0 0.027000 false
0.5700 0.1500 0.3900 0.0 0.0 1.0 0.027000 false
0.5700 0.1500 0.4200 0.0 0.0 1.0 0.027000 false
0.5700 0.1500 0.4500 0.0 0.0 1.0 0.027000 false
0.5700 0.1800 0.0300 0.0 0.0 1.0 0.027000 false
0.5700 0.1800 0.0600 0.0 0.0 1.0 0.027000 false
0.5700 0.1800 0.0900 0.0 0.0 1.0 0.027000 false
0.5700 0.1800 0.1200 0.0 0.0 1.0 0.027000 false
0.5700 0.1800 0.1500 0.0 0.0 1.0 0.027000 false
0.5700 0.1800 0.1800 0.0 0.0 1.0 0.027000 false
0.5700 0.1800 0.2100 0.0 0.0 1.0 0.027000 false
0.5700 0.1800 0.2400 0.0 0.0 1.0 0.027000 false
0.5700 0.1800 0.2700 0.0 0.0 1.0 0.027000 false
0.5700 0.1800 0.3000 0.0 0.0 1.0 0.027000 false
0.5700 0.1800 0.3300 0.0 0.0 1.0 0.027000 false
0.5700 0.1800 0.3600 0.0 0.0 1.0 0.027000 false
0.5700 0.1800 0.3900 0.0 0.0 1.0 0.027000 false
0.5700 0.1800 0.4200 0.0 0.0 1.0 0.027000 false
0.5700 0.1800 0.4500 0.0 0.0 1.0 0.027000 false
0.5700 0.2100 0.0300 0.0 0.0 1.0 0.027000 false
0.5700 0.2100 0.0600 0.0 0.0 1.0 0.027000 false
0.5700 0.2100 0.0900 0.0 0.0 1.0 0.027000 false
0.5700 0.2100 0.1200 0.0 0.0 1.0 0.027000 false
0.5700 0.2100 0.1500 0.0 0.0 1.0 0.027000 false
0.5700 0.2100 0.1800 0.0 0.0 1.0 0.027000 false
0.5700 0.2100 0.2100 0.0 0.0 1.0 0.027000 false
0.5700 0.2100 0.2400 0.0 0.0 1.0 0.027000 false
0.5700 0.2100 0.2700 0.0 0.0 1.0 0.027000 false
0.5700 0.2100 0.3000 0.0 0.0 1.0 0.027000 false
0.5700 0.2100 0.3300 0.0 0.0 1.0 0.027000 false
0.5700 0.2100 0.3600 0.0 0.0 1.0 0.027000 false
0.5700 0.2100 0.3900 0.0 0.0 1.0 0.027000 false
0.5700 0.2100 0.4200 0.0 0.0 1.0 0.027000 false
0.5700 0.2100 0.4500 0.0 0.0 1.0 0.027000 false
0.5700 0.2400 0.0300 0.0 0.0 1.0 0.027000 false
0.5700 0.2400 0.0600 0.0 0.0 1.0 0.027000 false
0.5700 0.2400 0.0900 0.0 0.0 1.0 0.027000 false
0.5700 0.2400 0.1200 0.0 0.0 1.0 0.027000 false
0.5700 0.2400 0.1500 0.0 0.0 1.0 0.027000 false
0.5700 0.2400 0.1800 0.0 0.0 1.0 0.027000 false
0.5700 0.2400 0.2100 0.0 0.0 1.0 0.027000 false
0.5700 0.2400 0.2400 0.0 0.0 1.0 0.027000 false
0.5700 0.2400 0.2700 0.0 0.0 1.0 0.027000 false
0.5700 0.2400 0.3000 0.0 0.0 1.0 0.027000 false
0.5700 0.2400 0.3300 0.0 0.0 1.0 0.027000 false
0.5700 0.2400 0.3600 0.0 0.0 1.0 0.027000 false
0.5700 0.2400 0.3900 0.0 0.0 1.0 0.027000 false
0.5700 0.2400 0.4200 0.0 0.0 1.0 0.027000 false
0.5700 0.2400 0.4500 0.0 0.0 1.0 0.027000 false
0.5700 0.2700 0.0300 0.0 0.0 1.0 0.027000 false
0.5700 0.2700 0.0600 0.0 0.0 1.0 0.027000 false
0.5700 0.2700 0.0900 0.0 0.0 1.0 0.027000 false
0.5700 0.2700 0.1200 0.0 0.0 1.0 0.027000 false
0.5700 0.2700 0.1500 0.0 0.0 1.0 0.027000 false
0.5700 0.2700 0.1800 0.0 0.0 1.0 0.027000 false
0.5700 0.2700 0.2100 0.0 0.0 1.0 0.027000 false
0.5700 0.2700 0.2400 0.0 0.0 1.0 0.027000 false
0.5700 0.2700 0.2700 0.0 0.0 1.0 0.027000 false
0.5700 0.2700 0.3000 0.0 0.0 1.0 0.027000 false
0.5700 0.2700 0.3300 0.0 0.0 1.0 0.027000 false
0.5700 0.2700 0.3600 0.0 0.0 1.0 0.027000 false
0.5700 0.2700 0.3900 0.0 0.0 1.0 0.027000 false
0.5700 0.2700 0.4200 0.0 0.0 1.0 0.027000 false
0.5700 0.2700 0.4500 0.0 0.0 1.0 0.027000 false
0.5700 0.3000 0.0300 0.0 0.0 1.0 0.027000 false
0.5700 0.3000 0.0600 0.0 0.0 1.0 0.027000 false
0.5700 0.3000 0.0900 0.0 0.0 1.0 0.027000 false
0.5700 0.3000 0.1200 0.0 0.0 1.0 0.027000 false
0.5700 0.3000 0.1500 0.0 0.0 1.0 0.027000 false
0.5700 0.3000 0.1800 0.0 0.0 1.0 0.027000 false
0.5700 0.3000 0.2100 0.0 0.0 1.0 0.027000 false
0.5700 0.3000 0.2400 0.0 0.0 1.0 0.027000 false
0.5700 0.3000 0.2700 0.0 0.0 1.0 0.027000 false
0.5700 0.3000 0.3000 0.0 0.0 1.0 0.027000 false
0.5700 0.3000 0.3300 0.0 0.0 1.0 0.027000 false
0.5700 0.3000 0.3600 0.0 0.0 1.0 0.027000 false
0.5700 0.3000 0.3900 0.0 0.0 1.0 0.027000 false
0.5700 0.3000 0.4200 0.0 0.0 1.0 0.027000 false
0.5700 0.3000 0.4500 0.0 0.0 1.0 0.027000 false
0.5700 0.3300 0.0300 0.0 0.0 1.0 0.027000 false
0.5700 0.3300 0.0600 0.0 0.0 1.0 0.027000 false
0.5700 0.3300 0.0900 0.0 0.0 1.0 0.027000 false
0.5700 0.3300 0.1200 0.0 0.0 1.0 0.027000 false
0.5700 0.3300 0.1500 0.0 0.0 1.0 0.027000 false
0.5700 0.3300 0.1800 0.0 0.0 1.0 0.027000 false
0.5700 0.3300 0.2100 0.0 0.0 1.0 0.027000 false
0.5700 0.3300 0.2400 0.0 0.0 1.0 0.027000 false
0.5700 0.3300 0.2700 0.0 0.0 1.0 0.027000 false
0.5700 0.3300 0.3000 0.0 0.0 1.0 0.027000 false
0.5700 0.3300 0.3300 0.0 0.0 1.0 0.027000 false
0.5700 0.3300 0.3600 0.0 0.0 1.0 0.027000 false
0.5700 0.3300 0.3900 0.0 0.0 1.0 0.027000 false
0.5700 0.3300 0.4200 0.0 0.0 1.0 0.027000 false
0.5700 0.3300 0.4500 0.0 0.0 1.0 0.027000 false
0.5700 0.3600 0.0300 0.0 0.0 1.0 0.027000 false
0.5700 0.3600 0.0600 0.0 0.0 1.0 0.027000 false
0.5700 0.3600 0.0900 0.0 0.0 1.0 0.027000 false
0.5700 0.3600 0.1200 0.0 0.0 1.0 0.027000 false
0.5700 0.3600 0.1500 0.0 0.0 1.0 0.027000 false
0.5700 0.3600 0.1800 0.0 0.0 1.0 0.027000 false
0.5700 0.3600 0.2100 0.0 0.0 1.0 0.027000 false
0.5700 0.3600 0.2400 0.0 0.0 1.0 0.027000 false
0.5700 0.3600 0.2700 0.0 0.0 1.0 0.027000 false
0.5700 0.3600 0.3000 0.0 0.0 1.0 0.027000 false
0.5700 0.3600 0.3300 0.0 0.0 1.0 0.027000 false
0.5700 0.3600 0.3600 0.0 0.0 1.0 0.027000 false
0.5700 0.3600 0.3900 0.0 0.0 1.0 0.027000 false
0.5700 0.3600 0.4200 0.0 0.0 1.0 0.027000 false
0.5700 0.3600 0.4500 0.0 0.0 1.0 0.027000 false
0.5700 0.3900 0.0300 0.0 0.0 1.0 0.027000 false
0.5700 0.3900 0.0600 0.0 0.0 1.0 0.027000 false
0.5700 0.3900 0.0900 0.0 0.0 1.0 0.027000 false
0.5700 0.3900 0.1200 0.0 0.0 1.0 0.027000 false
0.5700 0.3900 0.1500 0.0 0.0 1.0 0.027000 false
0.5700 0.3900 0.1800 0.0 0.0 1.0 0.027000 false
0.5700 0.3900 0.2100 0.0 0.0 1.0 0.027000 false
0.5700 0.3900 0.2400 0.0 0.0 1.0 0.027000 false
0.5700 0.3900 0.2700 0.0 0.0 1.0 0.027000 false
0.5700 0.3900 0.3000 0.0 0.0 1.0 0.027000 false
0.5700 0.3900 0.3300 0.0 0.0 1.0 0.027000 false
0.5700 0.3900 0.3600 0.0 0.0 1.0 0.027000 false
0.5700 0.3900 0.3900 0.0 0.0 1.0 0.027000 false
0.5700 0.3900 0.4200 0.0 0.0 1.0 0.027000 false
0.5700 0.3900 0.4500 0.0 0.0 1.0 0.027000 false
0.5700 0.4200 0.0300 0.0 0.0 1.0 0.027000 false
0.5700 0.4200 0.0600 0.0 0.0 1.0 0.027000 false
0.5700 0.4200 0.0900 0.0 0.0 1.0 0.027000 false
0.5700 0.4200 0.1200 0.0 0.0 1.0 0.027000 false
0.5700 0.4200 0.1500 0.0 0.0 1.0 0.027000 false
0.5700 0.4200 0.1800 0.0 0.0 1.0 0.027000 false
0.5700 0.4200 0.2100 0.0 0.0 1.0 0.027000 false
0.5700 0.4200 0.2400 0.0 0.0 1.0 0.027000 false
0.5700 0.4200 0.2700 0.0 0.0 1.0 0.027000 false
0.5700 0.4200 0.3000 0.0 0.0 1.0 0.027000 false
0.5700 0.4200 0.3300 0.0 0.0 1.0 0.027000 false
0.5700 0.4200 0.3600 0.0 0.0 1.0 0.027000 false
0.5700 0.4200 0.3900 0.0 0.0 1.0 0.027000 false
0.5700 0.4200 0.4200 0.0 0.0 1.0 0.027000 false
0.5700 0.4200 0.4500 0.0 0.0 1.0 0.027000 false
0.5700 0.4500 0.0300 0.0 0.0 1.0 0.027000 false
0.5700 0.4500 0.0600 0.0 0.0 1.0 0.027000 false
0.5700 0.4500 0.0900 0.0 0.0 1.0 0.027000 false
0.5700 0.4500 0.1200 0.0 0.0 1.0 0.027000 false
0.5700 0.4500 0.1500 0.0 0.0 1.0 0.027000 false
0.5700 0.4500 0.1800 0.0 0.0 1.0 0.027000 false
0.5700 0.4500 0.2100 0.0 0.0 1.0 0.027000 false
0.5700 0.4500 0.2400 0.0 0.0 1.0 0.027000 false
0.5700 0.4500 0.2700 0.0 0.0 1.0 0.027000 false
0.5700 0.4500 0.3000 0.0 0.0 1.0 0.027000 false
0.5700 0.4500 0.3300 0.0 0.0 1.0 0.027000 false
0.5700 0.4500 0.3600 0.0 0.0 1.0 0.027000 false
0.5700 0.4500 0.3900 0.0 0.0 1.0 0.027000 false
0.5700 0.4500 0.4200 0.0 0.0 1.0 0.027000 false
0.5700 0.4500 0.4500 0.0 0.0 1.0 0.027000 false
0.6000 0.0300 0.0300 0.0 0.0 1.0 0.027000 false
0.6000 0.0300 0.0600 0.0 0.0 1.0 0.027000 false
0.6000 0.0300 0.0900 0.0 0.0 1.0 0.027000 false
0.6000 0.0300 0.1200 0.0 0.0 1.0 0.027000 false
0.6000 0.0300 0.1500 0.0 0.0 1.0 0.027000 false
0.6000 0.0300 0.1800 0.0 0.0 1.0 0.027000 false
0.6000 0.0300 0.2100 0.0 0.0 1.0 0.027000 false
0.6000 0.0300 0.2400 0.0 0.0 1.0 0.027000 false
0.6000 0.0300 0.2700 0.0 0.0 1.0 0.027000 false
0.6000 0.0300 0.3000 0.0 0.0 1.0 0.027000 false
0.6000 0.0300 0.3300 0.0 0.0 1.0 0.027000 false
0.6000 0.0300 0.3600 0.0 0.0 1.0 0.027000 false
0.6000 0.0300 0.3900 0.0 0.0 1.0 0.027000 false
0.6000 0.0300 0.4200 0.0 0.0 1.0 0.027000 false
0.6000 0.0300 0.4500 0.0 0.0 1.0 0.027000 false
0.6000 0.0600 0.0300 0.0 0.0 1.0 0.027000 false
0.6000 0.0600 0.0600 0.0 0.0 1.0 0.027000 false
0.6000 0.0600 0.0900 0.0 0.0 1.0 0.027000 false
0.6000 0.0600 0.1200 0.0 0.0 1.0 0.027000 false
0.6000 0.0600 0.1500 0.0 0.0 1.0 0.027000 false
0.6000 0.0600 0.1800 0.0 0.0 1.0 0.027000 false
0.6000 0.0600 0.2100 0.0 0.0 1.0 0.027000 false
0.6000 0.0600 0.2400 0.0 0.0 1.0 0.027000 false
0.6000 0.0600 0.2700 0.0 0.0 1.0 0.027000 false
0.6000 0.0600 0.3000 0.0 0.0 1.0 0.027000 false
0.6000 0.0600 0.3300 0.0 0.0 1.0 0.027000 false
0.6000 0.0600 0.3600 0.0 0.0 1.0 0.027000 false
0.6000 0.0600 0.3900 0.0 0.0 1.0 0.027000 false
0.6000 0.0600 0.4200 0.0 0.0 1.0 0.027000 false
0.6000 0.0600 0.4500 0.0 0.0 1.0 0.027000 false
0.6000 0.0900 0.0300 0.0 0.0 1.0 0.027000 false
0.6000 0.0900 0.0600 0.0 0.0 1.0 0.027000 false
0.6000 0.0900 0.0900 0.0 0.0 1.0 0.027000 false
0.6000 0.0900 0.1200 0.0 0.0 1.0 0.027000 false
0.6000 0.0900 0.1500 0.0 0.0 1.0 0.027000 false
0.6000 0.0900 0.1800 0.0 0.0 1.0 0.027000 false
0.6000 0.0900 0.2100 0.0 0.0 1.0 0.027000 false
0.6000 0.0900 0.2400 0.0 0.0 1.0 0.027000 false
0.6000 0.0900 0.2700 0.0 0.0 1.0 0.027000 false
0.6000 0.0900 0.3000 0.0 0.0 1.0 0.027000 false
0.6000 0.0900 0.3300 0.0 0.0 1.0 0.027000 false
0.6000 0.0900 0.3600 0.0 0.0 1.0 0.027000 false
0.6000 0.0900 0.3900 0.0 0.0 1.0 0.027000 false
0.6000 0.0900 0.4200 0.0 0.0 1.0 0.027000 false
0.6000 0.0900 0.4500 0.0 0.0 1.0 0.027000 false
0.6000 0.1200 0.0300 0.0 0.0 1.0 0.027000 false
0.6000 0.1200 0.0600 0.0 0.0 1.0 0.027000 false
0.6000 0.1200 0.0900 0.0 0.0 1.0 0.027000 false
0.6000 0.1200 0.1200 0.0 0.0 1.0 0.027000 false
0.6000 0.1200 0.1500 0.0 0.0 1.0 0.027000 false
0.6000 0.1200 0.1800 0.0 0.0 1.0 0.027000 false
0.6000 0.1200 0.2100 0.0 0.0 1.0 0.027000 false
0.6000 0.1200 0.2400 0.0 0.0 1.0 0.027000 false
0.6000 0.1200 0.2700 0.0 0.0 1.0 0.027000 false
0.6000 0.1200 0.3000 0.0 0.0 1.0 0.027000 false
0.6000 0.1200 0.3300 0.0 0.0 1.0 0.027000 false
0.6000 0.1200 0.3600 0.0 0.0 1.0 0.027000 false
0.6000 0.1200 0.3900 0.0 0.0 1.0 0.027000 false
0.6000 0.1200 0.4200 0.0 0.0 1.0 0.027000 false
0.6000 0.1200 0.4500 0.0 0.0 1.0 0.027000 false
0.6000 0.1500 0.0300 0.0 0.0 1.0 0.027000 false
0.6000 0.1500 0.0600 0.0 0.0 1.0 0.027000 false
0.6000 0.1500 0.0900 0.0 0.0 1.0 0.027000 false
0.6000 0.1500 0.1200 0.0 0.0 1.0 0.027000 false
0.6000 0.1500 0.1500 0.0 0.0 1.0 0.027000 false
0.6000 0.1500 0.1800 0.0 0.0 1.0 0.027000 false
0.6000 0.1500 0.2100 0.0 0.0 1.0 0.027000 false
0.6000 0.1500 0.2400 0.0 0.0 1.0 0.027000 false
0.6000 0.1500 0.2700 0.0 0.0 1.0 0.027000 false
0.6000 0.1500 0.3000 0.0 0.0 1.0 0.027000 false
0.6000 0.1500 0.3300 0.0 0.0 1.0 0.027000 false
0.6000 0.1500 0.3600 0.0 0.0 1.0 0.027000 false
0.6000 0.1500 0.3900 0.0 0.0 1.0 0.027000 false
0.6000 0.1500 0.4200 0.0 0.0 1.0 0.027000 false
0.6000 0.1500 0.4500 0.0 0.0 1.0 0.027000 false
0.6000 0.1800 0.0300 0.0 0.0 1.0 0.027000 false
0.6000 0.1800 0.0600 0.0 0.0 1.0 0.027000 false
0.6000 0.1800 0.0900 0.0 0.0 1.0 0.027000 false
0.6000 0.1800 0.1200 0.0 0.0 1.0 0.027000 false
0.6000 0.1800 0.1500 0.0 0.0 1.0 0.027000 false
0.6000 0.1800 0.1800 0.0 0.0 1.0 0.027000 false
0.6000 0.1800 0.2100 0.0 0.0 1.0 0.027000 false
0.6000 0.1800 0.2400 0.0 0.0 1.0 0.027000 false
0.6000 0.1800 0.2700 0.0 0.0 1.0 0.027000 false
0.6000 0.1800 0.3000 0.0 0.0 1.0 0.027000 false
0.6000 0.1800 0.3300 0.0 0.0 1.0 0.027000 false
0.6000 0.1800 0.3600 0.0 0.0 1.0 0.027000 false
0.6000 0.1800 0.3900 0.0 0.0 1.0 0.027000 false
0.6000 0.1800 0.4200 0.0 0.0 1.0 0.027000 false
0.6000 0.1800 0.4500 0.0 0.0 1.0 0.027000 false
0.6000 0.2100 0.0300 0.0 0.0 1.0 0.027000 false
0.6000 0.2100 0.0600 0.0 0.0 1.0 0.027000 false
0.6000 0.2100 0.0900 0.0 0.0 1.0 0.027000 false
0.6000 0.2100 0.1200 0.0 0.0 1.0 0.027000 false
0.6000 0.2100 0.1500 0.0 0.0 1.0 0.027000 false
0.6000 0.2100 0.1800 0.0 0.0 1.0 0.027000 false
0.6000 0.2100 0.2100 0.0 0.0 1.0 0.027000 false
0.6000 0.2100 0.2400 0.0 0.0 1.0 0.027000 false
0.6000 0.2100 0.2700 0.0 0.0 1.0 0.027000 false
0.6000 0.2100 0.3000 0.0 0.0 1.0 0.027000 false
0.6000 0.2100 0.3300 0.0 0.0 1.0 0.027000 false
0.6000 0.2100 0.3600 0.0 0.0 1.0 0.027000 false
0.6000 0.2100 0.3900 0.0 0.0 1.0 0.027000 false
0.6000 0.2100 0.4200 0.0 0.0 1.0 0.027000 false
0.6000 0.2100 0.4500 0.0 0.0 1.0 0.027000 false
0.6000 0.2400 0.0300 0.0 0.0 1.0 0.027000 false
0.6000 0.2400 0.0600 0.0 0.0 1.0 0.027000 false
0.6000 0.2400 0.0900 0.0 0.0 1.0 0.027000 false
0.6000 0.2400 0.1200 0.0 0.0 1.0 0.027000 false
0.6000 0.2400 0.1500 0.0 0.0 1.0 0.027000 false
0.6000 0.2400 0.1800 0.0 0.0 1.0 0.027000 false
0.6000 0.2400 0.2100 0.0 0.0 1.0 0.027000 false
0.6000 0.2400 0.2400 0.0 0.0 1.0 0.027000 false
0.6000 0.2400 0.2700 0.0 0.0 1.0 0.027000 false
0.6000 0.2400 0.3000 0.0 0.0 1.0 0.027000 false
0.6000 0.2400 0.3300 0.0 0.0 1.0 0.027000 false
0.6000 0.2400 0.3600 0.0 0.0 1.0 0.027000 false
0.6000 0.2400 0.3900 0.0 0.0 1.0 0.027000 false
0.6000 0.2400 0.4200 0.0 0.0 1.0 0.027000 false
0.6000 0.2400 0.4500 0.0 0.0 1.0 0.027000 false
0.6000 0.2700 0.0300 0.0 0.0 1.0 0.027000 false
0.6000 0.2700 0.0600 0.0 0.0 1.0 0.027000 false
0.6000 0.2700 0.0900 0.0 0.0 1.0 0.027000 false
0.6000 0.2700 0.1200 0.0 0.0 1.0 0.027000 false
0.6000 0.2700 0.1500 0.0 0.0 1.0 0.027000 false
0.6000 0.2700 0.1800 0.0 0.0 1.0 0.027000 false
0.6000 0.2700 0.2100 0.0 0.0 1.0 0.027000 false
0.6000 0.2700 0.2400 0.0 0.0 1.0 0.027000 false
0.6000 0.2700 0.2700 0.0 0.0 1.0 0.027000 false
0.6000 0.2700 0.3000 0.0 0.0 1.0 0.027000 false
0.6000 0.2700 0.3300 0.0 0.0 1.0 0.027000 false
0.6000 0.2700 0.3600 0.0 0.0 1.0 0.027000 false
0.6000 0.2700 0.3900 0.0 0.0 1.0 0.027000 false
0.6000 0.2700 0.4200 0.0 0.0 1.0 0.027000 false
0.6000 0.2700 0.4500 0.0 0.0 1.0 0.027000 false
0.6000 0.3000 0.0300 0.0 0.0 1.0 0.027000 false
0.6000 0.3000 0.0600 0.0 0.0 1.0 0.027000 false
0.6000 0.3000 0.0900 0.0 0.0 1.0 0.027000 false
0.6000 0.3000 0.1200 0.0 0.0 1.0 0.027000 false
0.6000 0.3000 0.1500 0.0 0.0 1.0 0.027000 false
0.6000 0.3000 0.1800 0.0 0.0 1.0 0.027000 false
0.6000 0.3000 0.2100 0.0 0.0 1.0 0.027000 false
0.6000 0.3000 0.2400 0.0 0.0 1.0 0.027000 false
0.6000 0.3000 0.2700 0.0 0.0 1.0 0.027000 false
0.6000 0.3000 0.3000 0.0 0.0 1.0 0.027000 false
0.6000 0.3000 0.3300 0.0 0.0 1.0 0.027000 false
0.6000 0.3000 0.3600 0.0 0.0 1.0 0.027000 false
0.6000 0.3000 0.3900 0.0 0.0 1.0 0.027000 false
0.6000 0.3000 0.4200 0.0 0.0 1.0 0.027000 false
0.6000 0.3000 0.4500 0.0 0.0 1.0 0.027000 false
0.6000 0.3300 0.0300 0.0 0.0 1.0 0.027000 false
0.6000 0.3300 0.0600 0.0 0.0 1.0 0.027000 false
0.6000 0.3300 0.0900 0.0 0.0 1.0 0.027000 false
0.6000 0.3300 0.1200 0.0 0.0 1.0 0.027000 false
0.6000 0.3300 0.1500 0.0 0.0 1.0 0.027000 false
0.6000 0.3300 0.1800 0.0 0.0 1.0 0.027000 false
0.6000 0.3300 0.2100 0.0 0.0 1.0 0.027000 false
0.6000 0.3300 0.2400 0.0 0.0 1.0 0.027000 false
0.6000 0.3300 0.2700 0.0 0.0 1.0 0.027000 false
0.6000 0.3300 0.3000 0.0 0.0 1.0 0.027000 false
0.6000 0.3300 0.3300 0.0 0.0 1.0 0.027000 false
0.6000 0.3300 0.3600 0.0 0.0 1.0 0.027000 false
0.6000 0.3300 0.3900 0.0 0.0 1.0 0.027000 false
0.6000 0.3300 0.4200 0.0 0.0 1.0 0.027000 false
0.6000 0.3300 0.4500 0.0 0.0 1.0 0.027000 false
0.6000 0.3600 0.0300 0.0 0.0 1.0 0.027000 false
0.6000 0.3600 0.0600 0.0 0.0 1.0 0.027000 false
0.6000 0.3600 0.0900 0.0 0.0 1.0 0.027000 false
0.6000 0.3600 0.1200 0.0 0.0 1.0 0.027000 false
0.6000 0.3600 0.1500 0.0 0.0 1.0 0.027000 false
0.6000 0.3600 0.1800 0.0 0.0 1.0 0.027000 false
0.6000 0.3600 0.2100 0.0 0.0 1.0 0.027000 false
0.6000 0.3600 0.2400 0.0 0.0 1.0 0.027000 false
0.6000 0.3600 0.2700 0.0 0.0 1.0 0.027000 false
0.6000 0.3600 0.3000 0.0 0.0 1.0 0.027000 false
0.6000 0.3600 0.3300 0.0 0.0 1.0 0.027000 false
0.6000 0.3600 0.3600 0.0 0.0 1.0 0.027000 false
0.6000 0.3600 0.3900 0.0 0.0 1.0 0.027000 false
0.6000 0.3600 0.4200 0.0 0.0 1.0 0.027000 false
0.6000 0.3600 0.4500 0.0 0.0 1.0 0.027000 false
0.6000 0.3900 0.0300 0.0 0.0 1.0 0.027000 false
0.6000 0.3900 0.0600 0.0 0.0 1.0 0.027000 false
0.6000 0.3900 0.0900 0.0 0.0 1.0 0.027000 false
0.6000 0.3900 0.1200 0.0 0.0 1.0 0.027000 false
0.6000 0.3900 0.1500 0.0 0.0 1.0 0.027000 false
0.6000 0.3900 0.1800 0.0 0.0 1.0 0.027000 false
0.6000 0.3900 0.2100 0.0 0.0 1.0 0.027000 false
0.6000 0.3900 0.2400 0.0 0.0 1.0 0.027000 false
0.6000 0.3900 0.2700 0.0 0.0 1.0 0.027000 false
0.6000 0.3900 0.3000 0.0 0.0 1.0 0.027000 false
0.6000 0.3900 0.3300 0.0 0.0 1.0 0.027000 false
0.6000 0.3900 0.3600 0.0 0.0 1.0 0.027000 false
0.6000 0.3900 0.3900 0.0 0.0 1.0 0.027000 false
0.6000 0.3900 0.4200 0.0 0.0 1.0 0.027000 false
0.6000 0.3900 0.4500 0.0 0.0 1.0 0.027000 false
0.6000 0.4200 0.0300 0.0 0.0 1.0 0.027000 false
0.6000 0.4200 0.0600 0.0 0.0 1.0 0.027000 false
0.6000 0.4200 0.0900 0.0 0.0 1.0 0.027000 false
0.6000 0.4200 0.1200 0.0 0.0 1.0 0.027000 false
0.6000 0.4200 0.1500 0.0 0.0 1.0 0.027000 false
0.6000 0.4200 0.1800 0.0 0.0 1.0 0.027000 false
0.6000 0.4200 0.2100 0.0 0.0 1.0 0.027000 false
0.6000 0.4200 0.2400 0.0 0.0 1.0 0.027000 false
0.6000 0.4200 0.2700 0.0 0.0 1.0 0.027000 false
0.6000 0.4200 0.3000 0.0 0.0 1.0 0.027000 false
0.6000 0.4200 0.3300 0.0 0.0 1.0 0.027000 false
0.6000 0.4200 0.3600 0.0 0.0 1.0 0.027000 false
0.6000 0.4200 0.3900 0.0 0.0 1.0 0.027000 false
0.6000 0.4200 0.4200 0.0 0.0 1.0 0.027000 false
0.6000 0.4200 0.4500 0.0 0.0 1.0 0.027000 false
0.6000 0.4500 0.0300 0.0 0.0 1.0 0.027000 false
0.6000 0.4500 0.0600 0.0 0.0 1.0 0.027000 false
0.6000 0.4500 0.0900 0.0 0.0 1.0 0.027000 false
0.6000 0.4500 0.1200 0.0 0.0 1.0 0.027000 false
0.6000 0.4500 0.1500 0.0 0.0 1.0 0.027000 false
0.6000 0.4500 0.1800 0.0 0.0 1.0 0.027000 false
0.6000 0.4500 0.2100 0.0 0.0 1.0 0.027000 false
0.6000 0.4500 0.2400 0.0 0.0 1.0 0.027000 false
0.6000 0.4500 0.2700 0.0 0.0 1.0 0.027000 false
0.6000 0.4500 0.3000 0.0 0.0 1.0 0.027000 false
0.6000 0.4500 0.3300 0.0 0.0 1.0 0.027000 false
0.6000 0.4500 0.3600 0.0 0.0 1.0 0.027000 false
0.6000 0.4500 0.3900 0.0 0.0 1.0 0.027000 false
0.6000 0.4500 0.4200 0.0 0.0 1.0 0.027000 false
0.6000 0.4500 0.4500 0.0 0.0 1.0 0.027000 false
